# Blender 4.1.1
# www.blender.org
mtllib planet.mtl
o 球
v 0.037458 0.798229 0.601188
v 0.034271 0.507251 0.861117
v 0.025866 0.139049 0.989948
v 0.020081 -0.056727 0.998188
v 0.013524 -0.250322 0.968068
v -0.000877 -0.601584 0.798809
v -0.003167 0.969055 0.246824
v -0.037844 0.902945 0.428087
v -0.071067 0.802135 0.592899
v -0.101559 0.670499 0.734926
v -0.128148 0.513096 0.848711
v -0.149812 0.335976 0.929880
v -0.165719 0.145944 0.975314
v -0.175258 -0.049697 0.983267
v -0.178062 -0.243427 0.953434
v -0.174022 -0.427803 0.886961
v -0.163296 -0.595739 0.786403
v -0.146294 -0.740781 0.655624
v -0.123669 -0.857354 0.499649
v -0.096293 -0.940981 0.324473
v -0.065216 -0.988446 0.136828
v -0.039961 0.970799 0.236541
v -0.110020 0.906366 0.407917
v -0.175850 0.807102 0.563617
v -0.234922 0.676821 0.697657
v -0.284966 0.520530 0.804887
v -0.324060 0.344236 0.881185
v -0.350699 0.154712 0.923620
v -0.363862 -0.040756 0.930561
v -0.363042 -0.234659 0.901740
v -0.348270 -0.419544 0.838267
v -0.320114 -0.588305 0.742579
v -0.279657 -0.734459 0.618354
v -0.228452 -0.852388 0.470367
v -0.168469 -0.937560 0.304303
v -0.102011 -0.986702 0.126545
v -0.074028 0.972849 0.219282
v -0.176844 0.910387 0.374062
v -0.272864 0.812939 0.514467
v -0.358398 0.684250 0.635101
v -0.430158 0.529266 0.731329
v -0.485388 0.353942 0.799452
v -0.521965 0.165017 0.836852
v -0.538483 -0.030250 0.842093
v -0.534308 -0.224354 0.814973
v -0.509599 -0.409837 0.756533
v -0.465306 -0.579570 0.669021
v -0.403133 -0.727030 0.555798
v -0.325467 -0.846551 0.421217
v -0.235293 -0.933539 0.270448
v -0.136077 -0.984652 0.109286
v -0.104058 0.975125 0.195710
v -0.235750 0.914852 0.327823
v -0.358381 0.819421 0.447338
v -0.467241 0.692501 0.549662
v -0.558144 0.538968 0.630863
v -0.627599 0.364723 0.687820
v -0.672935 0.176461 0.718345
v -0.692411 -0.018581 0.721264
v -0.685277 -0.212910 0.696465
v -0.651809 -0.399056 0.644902
v -0.593292 -0.569867 0.568555
v -0.511976 -0.718779 0.470359
v -0.410984 -0.840068 0.354088
v -0.294199 -0.929074 0.224209
v -0.166107 -0.982376 0.085714
v -0.128897 0.977541 0.166730
v -0.284472 0.919591 0.270977
v -0.429116 0.826301 0.364810
v -0.557269 0.701257 0.444624
v -0.664006 0.549264 0.507351
v -0.745226 0.376163 0.550581
v -0.797807 0.188606 0.572653
v -0.819729 -0.006198 0.572717
v -0.810150 -0.200765 0.550773
v -0.769436 -0.387616 0.507663
v -0.699154 -0.559571 0.445043
v -0.602004 -0.710023 0.365321
v -0.481718 -0.833188 0.271560
v -0.342921 -0.924335 0.167363
v -0.190946 -0.979960 0.056734
v 0.031632 0.997925 0.056076
v -0.147590 0.980003 0.133456
v -0.321140 0.924421 0.205708
v -0.482349 0.833313 0.270054
v -0.625021 0.710181 0.324023
v -0.743675 0.559758 0.365539
v -0.833749 0.387823 0.393008
v -0.891783 0.200985 0.405374
v -0.915546 0.006423 0.402162
v -0.904125 -0.188386 0.383494
v -0.857959 -0.375956 0.350090
v -0.778823 -0.549077 0.303231
v -0.669756 -0.701098 0.244720
v -0.534951 -0.826176 0.176804
v -0.379589 -0.919505 0.102094
v -0.209639 -0.977497 0.023460
v -0.159418 0.982418 0.097167
v -0.344343 0.929156 0.134524
v -0.516035 0.840188 0.166712
v -0.667895 0.718931 0.192493
v -0.794089 0.570047 0.210877
v -0.889766 0.399256 0.221157
v -0.951251 0.213121 0.222938
v -0.976179 0.018797 0.216151
v -0.963593 -0.176250 0.201058
v -0.913977 -0.364523 0.178238
v -0.829237 -0.538788 0.148569
v -0.712630 -0.692348 0.113191
v -0.568637 -0.819301 0.073462
v -0.402792 -0.914769 0.030910
v -0.221468 -0.975083 -0.012829
v -0.163929 0.984691 0.059258
v -0.353190 0.933615 0.060162
v -0.528879 0.846661 0.058755
v -0.684243 0.727170 0.055090
v -0.813312 0.579735 0.049308
v -0.911126 0.410021 0.041631
v -0.973925 0.224549 0.032354
v -0.999297 0.030449 0.021834
v -0.986268 -0.164822 0.010474
v -0.935336 -0.353758 -0.001287
v -0.848460 -0.529100 -0.013000
v -0.728978 -0.684109 -0.024212
v -0.581481 -0.812828 -0.034495
v -0.411639 -0.910311 -0.043452
v -0.225978 -0.972810 -0.050738
v -0.160947 0.986736 0.021185
v -0.347341 0.937626 -0.014521
v -0.520388 0.852484 -0.049668
v -0.673436 0.734582 -0.082906
v -0.800604 0.588450 -0.112959
v -0.897005 0.419705 -0.138670
v -0.958935 0.234830 -0.159052
v -0.984014 0.040931 -0.173323
v -0.971278 -0.154541 -0.180932
v -0.921216 -0.344074 -0.181588
v -0.835752 -0.520385 -0.175266
v -0.718170 -0.676697 -0.162209
v -0.572990 -0.807005 -0.142918
v -0.405790 -0.906299 -0.118135
v -0.222996 -0.970765 -0.088812
v -0.150588 0.988474 -0.015589
v -0.327021 0.941036 -0.086655
v -0.490887 0.857434 -0.154390
v -0.635889 0.740882 -0.216193
v -0.756454 0.595858 -0.269687
v -0.847948 0.427935 -0.312817
v -0.906857 0.243567 -0.343926
v -0.930915 0.049840 -0.361818
v -0.919199 -0.145804 -0.365806
v -0.872159 -0.335844 -0.355735
v -0.791602 -0.512978 -0.331995
v -0.680624 -0.670398 -0.295495
v -0.543490 -0.802055 -0.247640
v -0.385470 -0.902890 -0.190269
v -0.212637 -0.969027 -0.125585
v -0.133250 0.989838 -0.049650
v -0.293011 0.943712 -0.153468
v -0.441512 0.861319 -0.251388
v -0.573046 0.745827 -0.339647
v -0.682558 0.601673 -0.414854
v -0.765840 0.434396 -0.474118
v -0.819691 0.250427 -0.515162
v -0.842042 0.056833 -0.536409
v -0.832034 -0.138945 -0.537042
v -0.790051 -0.329383 -0.517037
v -0.717706 -0.507163 -0.477162
v -0.617781 -0.665453 -0.418950
v -0.494115 -0.798170 -0.344638
v -0.351460 -0.900214 -0.257082
v -0.195299 -0.967663 -0.159646
v -0.109598 0.990776 -0.079690
v -0.246617 0.945552 -0.212392
v -0.374159 0.863991 -0.336933
v -0.487322 0.749228 -0.448526
v -0.581757 0.605672 -0.542881
v -0.653836 0.438840 -0.616375
v -0.700788 0.255144 -0.666181
v -0.720809 0.061643 -0.690386
v -0.713131 -0.134227 -0.688061
v -0.678046 -0.324939 -0.659293
v -0.616905 -0.503164 -0.605189
v -0.532057 -0.662052 -0.527828
v -0.426762 -0.795498 -0.430183
v -0.305066 -0.898373 -0.316006
v -0.171647 -0.966725 -0.189686
v -0.080543 0.991252 -0.104553
v -0.189623 0.946486 -0.261164
v -0.291416 0.865347 -0.407738
v -0.382011 0.750953 -0.538643
v -0.457924 0.607701 -0.648849
v -0.516240 0.441095 -0.734119
v -0.554717 0.257537 -0.791178
v -0.571876 0.064083 -0.817832
v -0.567059 -0.131834 -0.813058
v -0.540451 -0.322684 -0.777038
v -0.493072 -0.501134 -0.711157
v -0.426745 -0.660326 -0.617946
v -0.344019 -0.794142 -0.500988
v -0.248072 -0.897439 -0.364778
v -0.142592 -0.966248 -0.214549
v -0.047200 0.991248 -0.123285
v -0.124219 0.946478 -0.297908
v -0.196464 0.865335 -0.461082
v -0.261159 0.750938 -0.606538
v -0.315818 0.607682 -0.728684
v -0.358340 0.441074 -0.822828
v -0.387091 0.257516 -0.885350
v -0.400967 0.064061 -0.913849
v -0.399434 -0.131855 -0.907230
v -0.382551 -0.322705 -0.865746
v -0.350966 -0.501153 -0.790992
v -0.305894 -0.660342 -0.685841
v -0.249067 -0.794154 -0.554333
v -0.182668 -0.897448 -0.401522
v -0.109249 -0.966253 -0.233281
v -0.010851 0.990764 -0.135166
v -0.052918 0.945527 -0.321213
v -0.092951 0.863955 -0.494916
v -0.129412 0.749181 -0.649600
v -0.160900 0.605617 -0.779319
v -0.186204 0.438779 -0.879091
v -0.204353 0.255079 -0.945079
v -0.214648 0.061577 -0.974748
v -0.216695 -0.134292 -0.966958
v -0.210415 -0.325000 -0.922009
v -0.196048 -0.503218 -0.841627
v -0.174147 -0.662098 -0.728902
v -0.145554 -0.795534 -0.588166
v -0.111367 -0.898398 -0.424827
v -0.072900 -0.966737 -0.245162
v 0.027107 0.989817 -0.139739
v 0.021540 0.943671 -0.330183
v 0.015145 0.861260 -0.507938
v 0.008168 0.745752 -0.666174
v 0.000877 0.601584 -0.798809
v -0.006447 0.434298 -0.900746
v -0.013524 0.250322 -0.968068
v -0.020081 0.056727 -0.998187
v -0.025866 -0.139049 -0.989947
v -0.030658 -0.329481 -0.943664
v -0.034271 -0.507251 -0.861116
v -0.036567 -0.665528 -0.745477
v -0.037458 -0.798229 -0.601188
v -0.036909 -0.900254 -0.433797
v -0.034942 -0.967684 -0.249735
v 0.065216 0.988446 -0.136828
v 0.096293 0.940981 -0.324473
v 0.123670 0.857354 -0.499649
v 0.146294 0.740781 -0.655624
v 0.163296 0.595739 -0.786403
v 0.174022 0.427803 -0.886961
v 0.178062 0.243427 -0.953434
v 0.175258 0.049696 -0.983267
v 0.165719 -0.145944 -0.975314
v 0.149812 -0.335976 -0.929880
v 0.128148 -0.513097 -0.848711
v 0.101559 -0.670499 -0.734926
v 0.071067 -0.802135 -0.592899
v 0.037844 -0.902945 -0.428087
v 0.003167 -0.969055 -0.246824
v 0.102010 0.986702 -0.126545
v 0.168469 0.937560 -0.304303
v 0.228452 0.852388 -0.470366
v 0.279657 0.734459 -0.618354
v 0.320114 0.588305 -0.742579
v 0.348270 0.419544 -0.838267
v 0.363042 0.234659 -0.901740
v 0.363862 0.040756 -0.930560
v 0.350699 -0.154712 -0.923620
v 0.324060 -0.344236 -0.881185
v 0.284966 -0.520530 -0.804886
v 0.234922 -0.676821 -0.697657
v 0.175850 -0.807102 -0.563617
v 0.110020 -0.906366 -0.407917
v 0.039961 -0.970799 -0.236541
v 0.136077 0.984652 -0.109286
v 0.235293 0.933539 -0.270448
v 0.325466 0.846551 -0.421216
v 0.403133 0.727030 -0.555798
v 0.465306 0.579570 -0.669020
v 0.509599 0.409837 -0.756533
v 0.534308 0.224354 -0.814972
v 0.538483 0.030250 -0.842092
v 0.521965 -0.165017 -0.836852
v 0.485388 -0.353942 -0.799451
v 0.430158 -0.529266 -0.731328
v 0.358398 -0.684250 -0.635101
v 0.272864 -0.812939 -0.514467
v 0.176844 -0.910387 -0.374062
v 0.074028 -0.972849 -0.219282
v 0.166107 0.982376 -0.085714
v 0.294199 0.929074 -0.224209
v 0.410984 0.840068 -0.354088
v 0.511976 0.718779 -0.470359
v 0.593292 0.569867 -0.568555
v 0.651809 0.399056 -0.644902
v 0.685277 0.212910 -0.696465
v 0.692410 0.018581 -0.721263
v 0.672935 -0.176461 -0.718345
v 0.627599 -0.364723 -0.687820
v 0.558144 -0.538968 -0.630863
v 0.467241 -0.692501 -0.549662
v 0.358381 -0.819421 -0.447338
v 0.235750 -0.914852 -0.327823
v 0.104058 -0.975125 -0.195710
v -0.031632 -0.997925 -0.056076
v 0.190946 0.979960 -0.056734
v 0.342921 0.924335 -0.167362
v 0.481718 0.833188 -0.271559
v 0.602003 0.710023 -0.365321
v 0.699154 0.559571 -0.445043
v 0.769436 0.387616 -0.507663
v 0.810149 0.200765 -0.550773
v 0.819729 0.006198 -0.572717
v 0.797807 -0.188606 -0.572652
v 0.745226 -0.376163 -0.550581
v 0.664006 -0.549264 -0.507351
v 0.557269 -0.701257 -0.444624
v 0.429116 -0.826301 -0.364810
v 0.284472 -0.919591 -0.270976
v 0.128897 -0.977541 -0.166730
v 0.209639 0.977497 -0.023460
v 0.379589 0.919505 -0.102094
v 0.534951 0.826176 -0.176804
v 0.669756 0.701098 -0.244720
v 0.778822 0.549077 -0.303231
v 0.857959 0.375956 -0.350090
v 0.904125 0.188386 -0.383494
v 0.915545 -0.006423 -0.402161
v 0.891783 -0.200985 -0.405374
v 0.833749 -0.387823 -0.393008
v 0.743674 -0.559758 -0.365539
v 0.625021 -0.710181 -0.324023
v 0.482348 -0.833313 -0.270054
v 0.321140 -0.924421 -0.205708
v 0.147590 -0.980003 -0.133456
v 0.221467 0.975083 0.012829
v 0.402792 0.914769 -0.030910
v 0.568637 0.819301 -0.073462
v 0.712630 0.692348 -0.113190
v 0.829237 0.538788 -0.148569
v 0.913977 0.364523 -0.178238
v 0.963593 0.176250 -0.201058
v 0.976178 -0.018797 -0.216150
v 0.951250 -0.213121 -0.222937
v 0.889766 -0.399256 -0.221157
v 0.794089 -0.570047 -0.210877
v 0.667895 -0.718931 -0.192493
v 0.516034 -0.840188 -0.166712
v 0.344343 -0.929156 -0.134524
v 0.159418 -0.982418 -0.097167
v 0.225978 0.972810 0.050738
v 0.411639 0.910311 0.043452
v 0.581481 0.812828 0.034495
v 0.728978 0.684109 0.024213
v 0.848459 0.529100 0.013000
v 0.935336 0.353758 0.001287
v 0.986267 0.164822 -0.010474
v 0.999297 -0.030449 -0.021833
v 0.973925 -0.224549 -0.032354
v 0.911125 -0.410021 -0.041631
v 0.813311 -0.579735 -0.049308
v 0.684243 -0.727170 -0.055090
v 0.528878 -0.846661 -0.058755
v 0.353190 -0.933615 -0.060162
v 0.163929 -0.984691 -0.059258
v 0.222996 0.970765 0.088812
v 0.405790 0.906299 0.118135
v 0.572990 0.807005 0.142918
v 0.718170 0.676697 0.162209
v 0.835751 0.520385 0.175266
v 0.921215 0.344074 0.181588
v 0.971277 0.154541 0.180932
v 0.984013 -0.040931 0.173323
v 0.958935 -0.234830 0.159053
v 0.897005 -0.419705 0.138670
v 0.800603 -0.588450 0.112959
v 0.673436 -0.734582 0.082906
v 0.520387 -0.852484 0.049668
v 0.347341 -0.937626 0.014521
v 0.160947 -0.986736 -0.021185
v 0.212637 0.969027 0.125585
v 0.385470 0.902890 0.190269
v 0.543490 0.802055 0.247640
v 0.680624 0.670398 0.295495
v 0.791601 0.512978 0.331995
v 0.872159 0.335844 0.355735
v 0.919199 0.145804 0.365806
v 0.930914 -0.049840 0.361818
v 0.906856 -0.243567 0.343926
v 0.847948 -0.427935 0.312817
v 0.756453 -0.595858 0.269687
v 0.635889 -0.740882 0.216193
v 0.490887 -0.857434 0.154390
v 0.327021 -0.941036 0.086655
v 0.150588 -0.988474 0.015589
v 0.195299 0.967663 0.159646
v 0.351460 0.900214 0.257082
v 0.494114 0.798170 0.344638
v 0.617781 0.665453 0.418950
v 0.717706 0.507163 0.477162
v 0.790050 0.329383 0.517036
v 0.832033 0.138945 0.537042
v 0.842041 -0.056833 0.536409
v 0.819691 -0.250427 0.515162
v 0.765840 -0.434396 0.474118
v 0.682558 -0.601673 0.414854
v 0.573046 -0.745827 0.339647
v 0.441512 -0.861319 0.251388
v 0.293011 -0.943712 0.153468
v 0.133250 -0.989838 0.049650
v 0.171647 0.966725 0.189686
v 0.305066 0.898373 0.316006
v 0.426761 0.795498 0.430183
v 0.532057 0.662052 0.527828
v 0.616905 0.503164 0.605189
v 0.678046 0.324939 0.659293
v 0.713130 0.134227 0.688060
v 0.720809 -0.061643 0.690386
v 0.700788 -0.255144 0.666181
v 0.653836 -0.438840 0.616374
v 0.581757 -0.605672 0.542881
v 0.487322 -0.749228 0.448525
v 0.374159 -0.863991 0.336933
v 0.246617 -0.945552 0.212392
v 0.109598 -0.990776 0.079690
v 0.142592 0.966248 0.214549
v 0.248072 0.897439 0.364778
v 0.344019 0.794142 0.500988
v 0.426745 0.660326 0.617946
v 0.493072 0.501134 0.711156
v 0.540450 0.322684 0.777038
v 0.567059 0.131834 0.813058
v 0.571876 -0.064083 0.817832
v 0.554717 -0.257537 0.791178
v 0.516240 -0.441095 0.734119
v 0.457924 -0.607701 0.648849
v 0.382010 -0.750953 0.538643
v 0.291416 -0.865347 0.407738
v 0.189623 -0.946486 0.261164
v 0.080543 -0.991252 0.104553
v 0.109249 0.966253 0.233281
v 0.182668 0.897448 0.401522
v 0.249066 0.794154 0.554332
v 0.305894 0.660342 0.685841
v 0.350966 0.501153 0.790992
v 0.382550 0.322705 0.865746
v 0.399433 0.131855 0.907230
v 0.400966 -0.064061 0.913849
v 0.387091 -0.257516 0.885350
v 0.358340 -0.441074 0.822828
v 0.315818 -0.607682 0.728684
v 0.261159 -0.750938 0.606538
v 0.196464 -0.865335 0.461082
v 0.124219 -0.946478 0.297908
v 0.047200 -0.991248 0.123285
v 0.072900 0.966737 0.245162
v 0.111367 0.898398 0.424827
v 0.145553 0.795534 0.588166
v 0.174147 0.662098 0.728902
v 0.196047 0.503218 0.841627
v 0.210414 0.325000 0.922009
v 0.216695 0.134292 0.966958
v 0.214648 -0.061577 0.974747
v 0.204353 -0.255079 0.945078
v 0.186204 -0.438779 0.879090
v 0.160899 -0.605617 0.779319
v 0.129412 -0.749181 0.649600
v 0.092951 -0.863955 0.494915
v 0.052918 -0.945527 0.321213
v 0.010851 -0.990764 0.135166
v 0.034942 0.967684 0.249735
v 0.036909 0.900254 0.433797
v 0.036567 0.665528 0.745477
v 0.030658 0.329481 0.943664
v 0.006447 -0.434298 0.900746
v -0.008168 -0.745752 0.666174
v -0.015145 -0.861260 0.507938
v -0.021540 -0.943671 0.330183
v -0.027107 -0.989817 0.139739
v -1.294341 0.035709 1.020588
v -1.283783 0.074723 0.989623
v -1.234268 0.102130 0.934007
v -1.159065 0.110587 0.868643
v -1.078323 0.097828 0.811045
v -1.013678 0.067271 0.776646
v -0.982452 0.027104 0.774663
v -0.993010 -0.011910 0.805628
v -1.042525 -0.039317 0.861244
v -1.117728 -0.047774 0.926608
v -1.198469 -0.035015 0.984207
v -1.263114 -0.004458 1.018606
v -1.105203 0.155677 1.213460
v -1.097697 0.192754 1.179382
v -1.056524 0.214871 1.115260
v -0.992714 0.216101 1.038277
v -0.923367 0.196115 0.969060
v -0.867063 0.160268 0.926156
v -0.838889 0.118164 0.921060
v -0.846394 0.081087 0.955138
v -0.887568 0.058970 1.019260
v -0.951378 0.057740 1.096243
v -1.020725 0.077726 1.165460
v -1.077029 0.113574 1.208364
v -0.880543 0.270641 1.367330
v -0.876664 0.305863 1.330768
v -0.845398 0.322910 1.259861
v -0.795122 0.317214 1.173609
v -0.739308 0.290302 1.095122
v -0.692912 0.249385 1.045432
v -0.668364 0.205426 1.037853
v -0.672243 0.170205 1.074415
v -0.703509 0.153158 1.145322
v -0.753785 0.158853 1.231574
v -0.809599 0.185765 1.310060
v -0.855996 0.226682 1.359750
v -0.627582 0.376907 1.477253
v -0.627786 0.410413 1.438917
v -0.607675 0.422774 1.363162
v -0.572638 0.410677 1.270288
v -0.532063 0.377364 1.185180
v -0.496821 0.331760 1.130642
v -0.476357 0.286086 1.121288
v -0.476153 0.252580 1.159625
v -0.496264 0.240219 1.235379
v -0.531301 0.252316 1.328253
v -0.571876 0.285629 1.413362
v -0.607117 0.331233 1.467899
v -0.354449 0.471059 1.539696
v -0.359062 0.503045 1.500351
v -0.350996 0.511254 1.421844
v -0.332413 0.493485 1.325208
v -0.308291 0.454500 1.236338
v -0.285095 0.404744 1.179046
v -0.269040 0.357551 1.168685
v -0.264427 0.325564 1.208029
v -0.272493 0.317355 1.286537
v -0.291076 0.335124 1.383173
v -0.315197 0.374109 1.472043
v -0.338394 0.423865 1.529334
v -0.069924 0.550070 1.552652
v -0.079130 0.580781 1.513098
v -0.083611 0.585506 1.434019
v -0.082168 0.562977 1.336602
v -0.075187 0.519232 1.246952
v -0.064538 0.465992 1.189090
v -0.053075 0.417523 1.178519
v -0.043869 0.386812 1.218072
v -0.039388 0.382088 1.297152
v -0.040831 0.404616 1.394568
v -0.047813 0.448361 1.484218
v -0.058461 0.501601 1.542081
v 0.216847 0.611402 1.515704
v 0.203013 0.641123 1.476747
v 0.185885 0.643143 1.399297
v 0.170053 0.616920 1.304106
v 0.159759 0.569480 1.216682
v 0.157761 0.513535 1.160449
v 0.164595 0.464076 1.150474
v 0.178429 0.434355 1.189431
v 0.195557 0.432335 1.266881
v 0.211389 0.458558 1.362072
v 0.221684 0.505998 1.449496
v 0.223681 0.561943 1.505730
v 0.496650 0.653083 1.430040
v 0.478299 0.682131 1.392466
v 0.448832 0.682313 1.318794
v 0.416144 0.653579 1.228764
v 0.388995 0.603628 1.146500
v 0.374658 0.545845 1.094044
v 0.376975 0.495713 1.085452
v 0.395326 0.466665 1.123027
v 0.424793 0.466483 1.196699
v 0.457481 0.495218 1.286729
v 0.484631 0.545168 1.368993
v 0.498967 0.602951 1.421449
v 0.760490 0.673773 1.298414
v 0.737880 0.702487 1.262964
v 0.696778 0.701756 1.195097
v 0.648196 0.671776 1.112996
v 0.605152 0.620579 1.038661
v 0.579180 0.561884 0.992010
v 0.577239 0.511418 0.985543
v 0.599849 0.482703 1.020993
v 0.640951 0.483434 1.088861
v 0.689533 0.513415 1.170961
v 0.732576 0.564612 1.245296
v 0.758549 0.623307 1.291947
v 0.999887 0.672807 1.125056
v 0.973413 0.701538 1.092404
v 0.921753 0.700849 1.032182
v 0.858750 0.670927 0.960524
v 0.801285 0.619788 0.896633
v 0.764756 0.561136 0.857627
v 0.758950 0.510685 0.853958
v 0.785424 0.481955 0.886609
v 0.837084 0.482643 0.946832
v 0.900087 0.512566 1.018489
v 0.957552 0.563705 1.082381
v 0.994081 0.622357 1.121387
v 1.207147 0.650217 0.915537
v 1.177327 0.679312 0.886267
v 1.116528 0.679620 0.835284
v 1.041039 0.651058 0.776249
v 0.971088 0.601281 0.724979
v 0.925419 0.543624 0.695212
v 0.916268 0.493539 0.694926
v 0.946087 0.464444 0.724195
v 1.006887 0.464136 0.775178
v 1.082376 0.492697 0.834214
v 1.152326 0.542475 0.885484
v 1.197996 0.600132 0.915250
v 1.375608 0.606729 0.676592
v 1.343069 0.636526 0.651179
v 1.274841 0.638751 0.610734
v 1.189204 0.612809 0.566092
v 1.109105 0.565651 0.529217
v 1.056006 0.509913 0.509988
v 1.044136 0.460529 0.513558
v 1.076675 0.430732 0.538970
v 1.144903 0.428507 0.579416
v 1.230540 0.454448 0.624058
v 1.310639 0.501607 0.660933
v 1.363738 0.557345 0.680162
v 1.499856 0.543739 0.415901
v 1.465312 0.574553 0.394696
v 1.391604 0.579556 0.365747
v 1.298482 0.557409 0.336810
v 1.210898 0.514046 0.315638
v 1.152320 0.461085 0.307906
v 1.138445 0.412718 0.315684
v 1.172989 0.381904 0.336888
v 1.246697 0.376901 0.365838
v 1.339819 0.399048 0.394775
v 1.427402 0.442412 0.415946
v 1.485980 0.495372 0.423679
v 1.575897 0.463274 0.141842
v 1.540126 0.495386 0.125062
v 1.463064 0.503938 0.108198
v 1.365362 0.486638 0.095770
v 1.273197 0.448122 0.091109
v 1.211266 0.398710 0.095462
v 1.196163 0.351642 0.107664
v 1.231934 0.319529 0.124444
v 1.308996 0.310977 0.141308
v 1.406698 0.328277 0.153736
v 1.498863 0.366794 0.158397
v 1.560794 0.416206 0.154044
v 1.601288 0.367918 -0.136775
v 1.565106 0.401570 -0.149059
v 1.486925 0.414327 -0.153635
v 1.387693 0.402771 -0.149279
v 1.293999 0.369999 -0.137156
v 1.230948 0.324792 -0.120516
v 1.215435 0.279263 -0.103817
v 1.251617 0.245612 -0.091534
v 1.329798 0.232855 -0.086957
v 1.429030 0.244410 -0.091313
v 1.522724 0.277182 -0.103436
v 1.585775 0.322389 -0.120076
v 1.575212 0.260738 -0.410996
v 1.539451 0.296119 -0.418853
v 1.462420 0.313603 -0.411337
v 1.364759 0.308504 -0.390461
v 1.272635 0.282189 -0.361819
v 1.210735 0.241708 -0.333086
v 1.195643 0.197909 -0.311961
v 1.231403 0.162528 -0.304103
v 1.308434 0.145044 -0.311620
v 1.406096 0.150143 -0.332495
v 1.498219 0.176458 -0.361137
v 1.560120 0.216939 -0.389870
v 1.498507 0.145177 -0.672007
v 1.463985 0.182424 -0.675651
v 1.390336 0.205003 -0.656625
v 1.297296 0.206866 -0.620025
v 1.209793 0.187512 -0.575660
v 1.151275 0.152128 -0.535416
v 1.137421 0.110194 -0.510078
v 1.171943 0.072947 -0.506434
v 1.245592 0.050368 -0.525460
v 1.338633 0.048505 -0.562060
v 1.426135 0.067859 -0.606425
v 1.484653 0.103243 -0.646669
v 1.373639 0.024949 -0.911420
v 1.341133 0.064137 -0.911200
v 1.272991 0.092019 -0.881615
v 1.187472 0.101124 -0.830593
v 1.107492 0.089013 -0.771805
v 1.054480 0.058930 -0.721004
v 1.042642 0.018937 -0.691801
v 1.075149 -0.020250 -0.692021
v 1.143291 -0.048132 -0.721606
v 1.228809 -0.057237 -0.772628
v 1.308789 -0.045126 -0.831416
v 1.361801 -0.015044 -0.882217
v 1.204622 -0.096079 -1.121538
v 1.174844 -0.054938 -1.117926
v 1.114155 -0.021719 -1.079076
v 1.038819 -0.005323 -1.015396
v 0.969020 -0.010143 -0.943950
v 0.923462 -0.034888 -0.883883
v 0.914352 -0.072928 -0.851288
v 0.944130 -0.114069 -0.854900
v 1.004819 -0.147288 -0.893751
v 1.080155 -0.163684 -0.957431
v 1.149954 -0.158864 -1.028876
v 1.195512 -0.134119 -1.088944
v 0.996887 -0.214020 -1.295610
v 0.970461 -0.170976 -1.289189
v 0.918934 -0.132555 -1.242661
v 0.856112 -0.109054 -1.168495
v 0.798827 -0.106770 -1.086563
v 0.762430 -0.126314 -1.018819
v 0.756673 -0.162449 -0.983415
v 0.783099 -0.205494 -0.989837
v 0.834626 -0.243914 -1.036364
v 0.897448 -0.267415 -1.110530
v 0.954733 -0.269700 -1.192462
v 0.991130 -0.250156 -1.260206
v 0.757111 -0.325083 -1.428040
v 0.734556 -0.280245 -1.419481
v 0.693602 -0.236927 -1.367113
v 0.645224 -0.206736 -1.284970
v 0.602384 -0.197760 -1.195060
v 0.576561 -0.212407 -1.121476
v 0.574674 -0.246749 -1.083934
v 0.597229 -0.291587 -1.092493
v 0.638183 -0.334905 -1.144861
v 0.686561 -0.365097 -1.227004
v 0.729401 -0.374072 -1.316914
v 0.755224 -0.359426 -1.390498
v 0.493001 -0.425696 -1.514572
v 0.474708 -0.379235 -1.504615
v 0.445402 -0.331480 -1.448432
v 0.412934 -0.295227 -1.361076
v 0.386005 -0.280191 -1.265953
v 0.371829 -0.290400 -1.188553
v 0.374205 -0.323119 -1.149614
v 0.392497 -0.369581 -1.159571
v 0.421803 -0.417336 -1.215754
v 0.454271 -0.453588 -1.303110
v 0.481201 -0.468624 -1.398233
v 0.495377 -0.458415 -1.475633
v 0.213045 -0.512628 -1.552423
v 0.199272 -0.464763 -1.541856
v 0.182311 -0.413174 -1.484004
v 0.166708 -0.371685 -1.394367
v 0.156643 -0.351412 -1.296965
v 0.154813 -0.357787 -1.217895
v 0.161709 -0.389103 -1.178345
v 0.175482 -0.436968 -1.188913
v 0.192442 -0.488557 -1.246765
v 0.208045 -0.530046 -1.336402
v 0.218110 -0.550319 -1.433804
v 0.219940 -0.543944 -1.512874
v -0.073758 -0.583083 -1.540379
v -0.082902 -0.534081 -1.530006
v -0.087214 -0.479385 -1.472685
v -0.085540 -0.433652 -1.383774
v -0.078328 -0.409134 -1.287097
v -0.067510 -0.412403 -1.208559
v -0.055985 -0.442581 -1.169203
v -0.046842 -0.491583 -1.179576
v -0.042529 -0.546279 -1.236897
v -0.044203 -0.592013 -1.325809
v -0.051416 -0.616530 -1.422485
v -0.062234 -0.613262 -1.501024
v -0.358191 -0.634798 -1.478825
v -0.362743 -0.584961 -1.469446
v -0.354512 -0.527985 -1.414839
v -0.335704 -0.479136 -1.329636
v -0.311357 -0.451503 -1.236668
v -0.287996 -0.452491 -1.160844
v -0.271880 -0.481834 -1.122482
v -0.267327 -0.531671 -1.131861
v -0.275558 -0.588648 -1.186468
v -0.294367 -0.637497 -1.271671
v -0.318714 -0.665129 -1.364640
v -0.342075 -0.664141 -1.440464
v -0.631111 -0.666109 -1.369741
v -0.631258 -0.615767 -1.362123
v -0.610991 -0.557410 -1.312327
v -0.575742 -0.506675 -1.233695
v -0.534954 -0.477156 -1.147298
v -0.499557 -0.476763 -1.076284
v -0.479036 -0.505601 -1.039683
v -0.478889 -0.555943 -1.047302
v -0.499155 -0.614300 -1.097098
v -0.534405 -0.665036 -1.175730
v -0.575193 -0.694555 -1.262127
v -0.610589 -0.694948 -1.333140
v -0.883746 -0.676012 -1.216633
v -0.879815 -0.625510 -1.211486
v -0.848408 -0.566716 -1.168441
v -0.797939 -0.515384 -1.099033
v -0.741932 -0.485269 -1.021859
v -0.695395 -0.484439 -0.957598
v -0.670795 -0.513117 -0.923468
v -0.674726 -0.563619 -0.928615
v -0.706134 -0.622413 -0.971659
v -0.756602 -0.673745 -1.041068
v -0.812609 -0.703860 -1.118242
v -0.859147 -0.704690 -1.182503
v -1.107977 -0.664186 -1.024420
v -1.100427 -0.613875 -1.022376
v -1.059131 -0.555603 -0.987808
v -0.995155 -0.504983 -0.929979
v -0.925640 -0.475580 -0.864384
v -0.869213 -0.475272 -0.808599
v -0.840995 -0.504141 -0.777572
v -0.848545 -0.554453 -0.779616
v -0.889841 -0.612725 -0.814184
v -0.953818 -0.663344 -0.872013
v -1.023332 -0.692747 -0.937608
v -1.079759 -0.693056 -0.993393
v -1.296597 -0.631013 -0.799282
v -1.286002 -0.581238 -0.800872
v -1.236388 -0.524428 -0.776232
v -1.161049 -0.475807 -0.731966
v -1.080172 -0.448402 -0.679933
v -1.015427 -0.449557 -0.634077
v -0.984164 -0.478962 -0.606684
v -0.994759 -0.528738 -0.605094
v -1.044373 -0.585547 -0.629734
v -1.119712 -0.634168 -0.674000
v -1.200590 -0.661573 -0.726033
v -1.265334 -0.660418 -0.771889
v -1.443543 -0.577559 -0.548454
v -1.430577 -0.528646 -0.554093
v -1.374482 -0.474194 -0.540515
v -1.290291 -0.428793 -0.511358
v -1.200561 -0.404609 -0.474436
v -1.129337 -0.408121 -0.439641
v -1.095701 -0.438388 -0.416297
v -1.108668 -0.487301 -0.410658
v -1.164762 -0.541753 -0.424236
v -1.248954 -0.587154 -0.453393
v -1.338683 -0.611339 -0.490315
v -1.409908 -0.607827 -0.525110
v -1.544092 -0.505542 -0.280000
v -1.529502 -0.457792 -0.289972
v -1.468974 -0.406516 -0.288232
v -1.378725 -0.365453 -0.275248
v -1.282939 -0.345607 -0.254497
v -1.207280 -0.352295 -0.231541
v -1.172022 -0.383725 -0.212530
v -1.186612 -0.431475 -0.202558
v -1.247140 -0.482751 -0.204298
v -1.337389 -0.523814 -0.217283
v -1.433175 -0.543660 -0.238033
v -1.508834 -0.536972 -0.260989
v -1.595013 -0.417276 -0.002545
v -1.579602 -0.370951 -0.016995
v -1.516828 -0.323567 -0.027492
v -1.423511 -0.287822 -0.031221
v -1.324657 -0.273293 -0.027185
v -1.246753 -0.283873 -0.016464
v -1.210673 -0.316728 -0.001932
v -1.226084 -0.363054 0.012518
v -1.288859 -0.410437 0.023015
v -1.382175 -0.446183 0.026744
v -1.481029 -0.460712 0.022708
v -1.558933 -0.450131 0.011987
v -1.594669 -0.315599 0.274992
v -1.579263 -0.270914 0.256061
v -1.516505 -0.228015 0.233326
v -1.423209 -0.198394 0.212877
v -1.324376 -0.189991 0.200194
v -1.246486 -0.205055 0.198676
v -1.210412 -0.239551 0.208728
v -1.225818 -0.284235 0.227659
v -1.288577 -0.327135 0.250394
v -1.381872 -0.356755 0.270843
v -1.480706 -0.365159 0.283526
v -1.558595 -0.350095 0.285044
v -1.543072 -0.203778 0.543690
v -1.528498 -0.160898 0.520422
v -1.468015 -0.122930 0.485838
v -1.377828 -0.100046 0.449202
v -1.282103 -0.098378 0.420333
v -1.206489 -0.118374 0.406965
v -1.171247 -0.154675 0.412680
v -1.185820 -0.197554 0.435947
v -1.246304 -0.235523 0.470532
v -1.336491 -0.258407 0.507168
v -1.432216 -0.260074 0.536037
v -1.507830 -0.240079 0.549405
v -1.441878 -0.085407 0.794913
v -1.428938 -0.044438 0.767591
v -1.372917 -0.011690 0.721927
v -1.288826 0.004063 0.670158
v -1.199197 -0.001400 0.626155
v -1.128046 -0.026615 0.601708
v -1.094438 -0.064827 0.603368
v -1.107377 -0.105796 0.630690
v -1.163398 -0.138544 0.676354
v -1.247489 -0.154298 0.728123
v -1.337119 -0.148834 0.772127
v -1.408270 -0.123619 0.796574
vn 0.0375 0.7952 0.6052
vn 0.0342 0.5043 0.8628
vn 0.0258 0.1379 0.9901
vn 0.0201 -0.0567 0.9982
vn 0.0136 -0.2492 0.9684
vn -0.0007 -0.5989 0.8008
vn -0.0042 0.9676 0.2525
vn -0.0388 0.9005 0.4331
vn -0.0719 0.7991 0.5969
vn -0.1022 0.6673 0.7377
vn -0.1286 0.5102 0.8504
vn -0.1500 0.3338 0.9306
vn -0.1658 0.1448 0.9755
vn -0.1753 -0.0497 0.9833
vn -0.1781 -0.2423 0.9537
vn -0.1741 -0.4257 0.8880
vn -0.1635 -0.5930 0.7884
vn -0.1467 -0.7379 0.6588
vn -0.1243 -0.8547 0.5039
vn -0.0971 -0.9391 0.3297
vn -0.0662 -0.9876 0.1427
vn -0.0421 0.9694 0.2419
vn -0.1120 0.9040 0.4126
vn -0.1775 0.8041 0.5674
vn -0.2361 0.6737 0.7003
vn -0.2857 0.5177 0.8065
vn -0.3244 0.3421 0.8819
vn -0.3508 0.1535 0.9238
vn -0.3639 -0.0408 0.9306
vn -0.3631 -0.2335 0.9020
vn -0.3485 -0.4174 0.8392
vn -0.3207 -0.5856 0.7445
vn -0.2807 -0.7315 0.6213
vn -0.2299 -0.8497 0.4744
vn -0.1703 -0.9356 0.3093
vn -0.1041 -0.9858 0.1321
vn -0.0772 0.9715 0.2242
vn -0.1797 0.9081 0.3783
vn -0.2752 0.8100 0.5178
vn -0.3601 0.6811 0.6375
vn -0.4313 0.5264 0.7327
vn -0.4859 0.3518 0.8001
vn -0.5221 0.1639 0.8370
vn -0.5385 -0.0302 0.8421
vn -0.5344 -0.2232 0.8152
vn -0.5100 -0.4077 0.7574
vn -0.4662 -0.5768 0.6708
vn -0.4047 -0.7241 0.5585
vn -0.3276 -0.8439 0.4249
vn -0.2380 -0.9315 0.2750
vn -0.1392 -0.9836 0.1143
vn -0.1082 0.9738 0.1999
vn -0.2394 0.9126 0.3315
vn -0.3614 0.8165 0.4502
vn -0.4694 0.6894 0.5517
vn -0.5595 0.5361 0.6321
vn -0.6283 0.3626 0.6883
vn -0.6731 0.1753 0.7184
vn -0.6924 -0.0186 0.7213
vn -0.6854 -0.2118 0.6967
vn -0.6524 -0.3969 0.6457
vn -0.5945 -0.5671 0.5701
vn -0.5140 -0.7158 0.4727
vn -0.4138 -0.8373 0.3573
vn -0.2977 -0.9270 0.2281
vn -0.1701 -0.9813 0.0900
vn -0.1337 0.9763 0.1700
vn -0.2888 0.9174 0.2738
vn -0.4327 0.8235 0.3671
vn -0.5599 0.6982 0.4462
vn -0.6656 0.5464 0.5083
vn -0.7460 0.3740 0.5510
vn -0.7980 0.1874 0.5727
vn -0.8197 -0.0062 0.5727
vn -0.8103 -0.1996 0.5510
vn -0.7701 -0.3855 0.5083
vn -0.7006 -0.5568 0.4463
vn -0.6044 -0.7070 0.3672
vn -0.4851 -0.8304 0.2741
vn -0.3471 -0.9222 0.1705
vn -0.1957 -0.9788 0.0602
vn 0.0316 0.9979 0.0561
vn -0.1530 0.9789 0.1358
vn -0.3260 0.9223 0.2077
vn -0.4863 0.8305 0.2716
vn -0.6279 0.7072 0.3251
vn -0.7455 0.5570 0.3661
vn -0.8346 0.3857 0.3932
vn -0.8920 0.1998 0.4054
vn -0.9155 0.0064 0.4022
vn -0.9043 -0.1872 0.3837
vn -0.8587 -0.3738 0.3506
vn -0.7804 -0.5463 0.3041
vn -0.6724 -0.6980 0.2461
vn -0.5387 -0.8233 0.1787
vn -0.3843 -0.9173 0.1043
vn -0.2150 -0.9763 0.0259
vn -0.1652 0.9813 0.0984
vn -0.3495 0.9271 0.1355
vn -0.5202 0.8374 0.1675
vn -0.6710 0.7159 0.1930
vn -0.7960 0.5673 0.2111
vn -0.8907 0.3971 0.2212
vn -0.9515 0.2120 0.2229
vn -0.9762 0.0188 0.2161
vn -0.9638 -0.1751 0.2012
vn -0.9148 -0.3624 0.1786
vn -0.8310 -0.5360 0.1491
vn -0.7155 -0.6892 0.1140
vn -0.5727 -0.8164 0.0745
vn -0.4078 -0.9125 0.0322
vn -0.2272 -0.9738 -0.0115
vn -0.1698 0.9837 0.0593
vn -0.3585 0.9316 0.0602
vn -0.5332 0.8440 0.0587
vn -0.6874 0.7242 0.0550
vn -0.8153 0.5770 0.0492
vn -0.9121 0.4079 0.0415
vn -0.9742 0.2234 0.0323
vn -0.9993 0.0304 0.0218
vn -0.9865 -0.1637 0.0105
vn -0.9362 -0.3516 -0.0011
vn -0.8502 -0.5262 -0.0128
vn -0.7319 -0.6810 -0.0240
vn -0.5856 -0.8099 -0.0342
vn -0.4168 -0.9080 -0.0432
vn -0.2318 -0.9714 -0.0505
vn -0.1668 0.9858 0.0201
vn -0.3525 0.9357 -0.0155
vn -0.5246 0.8498 -0.0506
vn -0.6765 0.7317 -0.0836
vn -0.8025 0.5857 -0.1134
vn -0.8979 0.4176 -0.1389
vn -0.9592 0.2337 -0.1592
vn -0.9840 0.0409 -0.1733
vn -0.9715 -0.1534 -0.1809
vn -0.9220 -0.3419 -0.1816
vn -0.8375 -0.5175 -0.1754
vn -0.7211 -0.6735 -0.1626
vn -0.5770 -0.8040 -0.1435
vn -0.4108 -0.9039 -0.1189
vn -0.2287 -0.9693 -0.0898
vn -0.1561 0.9876 -0.0178
vn -0.3319 0.9391 -0.0887
vn -0.4949 0.8548 -0.1561
vn -0.6388 0.7380 -0.2175
vn -0.7583 0.5931 -0.2705
vn -0.8488 0.4258 -0.3133
vn -0.9071 0.2424 -0.3441
vn -0.9309 0.0498 -0.3618
vn -0.9194 -0.1446 -0.3658
vn -0.8729 -0.3337 -0.3559
vn -0.7933 -0.5101 -0.3325
vn -0.6834 -0.6672 -0.2964
vn -0.5473 -0.7990 -0.2490
vn -0.3902 -0.9005 -0.1920
vn -0.2181 -0.9676 -0.1276
vn -0.1382 0.9890 -0.0529
vn -0.2975 0.9418 -0.1564
vn -0.4451 0.8587 -0.2538
vn -0.5757 0.7430 -0.3414
vn -0.6842 0.5990 -0.4160
vn -0.7667 0.4323 -0.4747
vn -0.8199 0.2493 -0.5154
vn -0.8420 0.0568 -0.5364
vn -0.8322 -0.1378 -0.5371
vn -0.7907 -0.3272 -0.5174
vn -0.7192 -0.5043 -0.4780
vn -0.6202 -0.6622 -0.4204
vn -0.4976 -0.7951 -0.3467
vn -0.3558 -0.8978 -0.2598
vn -0.2002 -0.9661 -0.1627
vn -0.1139 0.9900 -0.0838
vn -0.2504 0.9437 -0.2161
vn -0.3773 0.8614 -0.3400
vn -0.4896 0.7464 -0.4508
vn -0.5832 0.6030 -0.5443
vn -0.6545 0.4368 -0.6171
vn -0.7010 0.2540 -0.6664
vn -0.7208 0.0616 -0.6904
vn -0.7133 -0.1331 -0.6882
vn -0.6786 -0.3227 -0.6598
vn -0.6182 -0.5002 -0.6063
vn -0.5341 -0.6588 -0.5298
vn -0.4297 -0.7924 -0.4329
vn -0.3087 -0.8959 -0.3195
vn -0.1758 -0.9652 -0.1937
vn -0.0839 0.9904 -0.1094
vn -0.1927 0.9447 -0.2655
vn -0.2939 0.8628 -0.4113
vn -0.3838 0.7481 -0.5413
vn -0.4591 0.6050 -0.6505
vn -0.5168 0.4390 -0.7350
vn -0.5549 0.2564 -0.7914
vn -0.5719 0.0641 -0.8178
vn -0.5672 -0.1307 -0.8132
vn -0.5409 -0.3205 -0.7776
vn -0.4941 -0.4982 -0.7125
vn -0.4284 -0.6571 -0.6203
vn -0.3463 -0.7911 -0.5043
vn -0.2510 -0.8949 -0.3689
vn -0.1459 -0.9647 -0.2193
vn -0.0496 0.9904 -0.1287
vn -0.1264 0.9446 -0.3028
vn -0.1982 0.8628 -0.4651
vn -0.2625 0.7481 -0.6095
vn -0.3167 0.6050 -0.7306
vn -0.3588 0.4390 -0.8238
vn -0.3872 0.2564 -0.8856
vn -0.4010 0.0641 -0.9139
vn -0.3995 -0.1307 -0.9074
vn -0.3828 -0.3205 -0.8664
vn -0.3516 -0.4982 -0.7925
vn -0.3070 -0.6571 -0.6884
vn -0.2507 -0.7911 -0.5580
vn -0.1847 -0.8949 -0.4062
vn -0.1116 -0.9647 -0.2386
vn -0.0122 0.9899 -0.1410
vn -0.0541 0.9437 -0.3264
vn -0.0939 0.8614 -0.4992
vn -0.1302 0.7463 -0.6527
vn -0.1614 0.6029 -0.7813
vn -0.1865 0.4367 -0.8801
vn -0.2044 0.2539 -0.9454
vn -0.2146 0.0616 -0.9747
vn -0.2167 -0.1331 -0.9671
vn -0.2105 -0.3228 -0.9228
vn -0.1964 -0.5003 -0.8433
vn -0.1747 -0.6589 -0.7317
vn -0.1464 -0.7925 -0.5921
vn -0.1124 -0.8959 -0.4298
vn -0.0741 -0.9652 -0.2508
vn 0.0270 0.9890 -0.1457
vn 0.0214 0.9418 -0.3355
vn 0.0150 0.8587 -0.5123
vn 0.0080 0.7429 -0.6694
vn 0.0008 0.5989 -0.8008
vn -0.0065 0.4322 -0.9018
vn -0.0136 0.2492 -0.9684
vn -0.0201 0.0567 -0.9982
vn -0.0258 -0.1379 -0.9901
vn -0.0306 -0.3273 -0.9444
vn -0.0342 -0.5043 -0.8628
vn -0.0365 -0.6623 -0.7483
vn -0.0375 -0.7952 -0.6052
vn -0.0369 -0.8978 -0.4389
vn -0.0350 -0.9662 -0.2555
vn 0.0662 0.9876 -0.1427
vn 0.0971 0.9391 -0.3297
vn 0.1243 0.8547 -0.5039
vn 0.1467 0.7379 -0.6588
vn 0.1635 0.5930 -0.7884
vn 0.1741 0.4257 -0.8880
vn 0.1781 0.2423 -0.9537
vn 0.1753 0.0497 -0.9833
vn 0.1658 -0.1448 -0.9755
vn 0.1500 -0.3338 -0.9306
vn 0.1286 -0.5102 -0.8504
vn 0.1022 -0.6673 -0.7377
vn 0.0719 -0.7991 -0.5969
vn 0.0388 -0.9005 -0.4331
vn 0.0042 -0.9676 -0.2525
vn 0.1041 0.9858 -0.1321
vn 0.1703 0.9356 -0.3093
vn 0.2299 0.8497 -0.4744
vn 0.2807 0.7315 -0.6213
vn 0.3207 0.5856 -0.7445
vn 0.3485 0.4174 -0.8392
vn 0.3631 0.2335 -0.9020
vn 0.3639 0.0408 -0.9306
vn 0.3508 -0.1535 -0.9238
vn 0.3244 -0.3421 -0.8819
vn 0.2857 -0.5177 -0.8065
vn 0.2361 -0.6737 -0.7003
vn 0.1775 -0.8041 -0.5674
vn 0.1120 -0.9040 -0.4126
vn 0.0421 -0.9694 -0.2419
vn 0.1392 0.9836 -0.1143
vn 0.2380 0.9315 -0.2750
vn 0.3276 0.8439 -0.4249
vn 0.4047 0.7241 -0.5585
vn 0.4662 0.5768 -0.6708
vn 0.5100 0.4077 -0.7574
vn 0.5344 0.2232 -0.8152
vn 0.5385 0.0302 -0.8421
vn 0.5221 -0.1639 -0.8370
vn 0.4859 -0.3518 -0.8001
vn 0.4313 -0.5264 -0.7327
vn 0.3601 -0.6811 -0.6375
vn 0.2752 -0.8100 -0.5178
vn 0.1797 -0.9081 -0.3783
vn 0.0772 -0.9715 -0.2242
vn 0.1701 0.9813 -0.0900
vn 0.2977 0.9270 -0.2281
vn 0.4138 0.8373 -0.3573
vn 0.5140 0.7158 -0.4727
vn 0.5945 0.5671 -0.5701
vn 0.6524 0.3969 -0.6457
vn 0.6854 0.2118 -0.6967
vn 0.6924 0.0186 -0.7213
vn 0.6731 -0.1753 -0.7184
vn 0.6283 -0.3626 -0.6883
vn 0.5595 -0.5361 -0.6321
vn 0.4694 -0.6894 -0.5517
vn 0.3614 -0.8165 -0.4502
vn 0.2394 -0.9126 -0.3315
vn 0.1082 -0.9738 -0.1999
vn -0.0316 -0.9979 -0.0561
vn 0.1957 0.9788 -0.0602
vn 0.3471 0.9222 -0.1705
vn 0.4851 0.8304 -0.2741
vn 0.6044 0.7070 -0.3672
vn 0.7006 0.5568 -0.4463
vn 0.7701 0.3855 -0.5083
vn 0.8103 0.1996 -0.5510
vn 0.8197 0.0062 -0.5727
vn 0.7980 -0.1874 -0.5727
vn 0.7460 -0.3740 -0.5510
vn 0.6656 -0.5464 -0.5083
vn 0.5599 -0.6982 -0.4462
vn 0.4327 -0.8235 -0.3671
vn 0.2888 -0.9174 -0.2738
vn 0.1337 -0.9763 -0.1700
vn 0.2150 0.9763 -0.0259
vn 0.3843 0.9173 -0.1043
vn 0.5387 0.8233 -0.1787
vn 0.6724 0.6980 -0.2461
vn 0.7804 0.5463 -0.3041
vn 0.8587 0.3738 -0.3506
vn 0.9043 0.1872 -0.3837
vn 0.9155 -0.0064 -0.4022
vn 0.8920 -0.1998 -0.4054
vn 0.8346 -0.3857 -0.3932
vn 0.7455 -0.5570 -0.3661
vn 0.6279 -0.7072 -0.3251
vn 0.4863 -0.8305 -0.2716
vn 0.3260 -0.9223 -0.2077
vn 0.1530 -0.9789 -0.1358
vn 0.2272 0.9738 0.0115
vn 0.4078 0.9125 -0.0322
vn 0.5727 0.8164 -0.0745
vn 0.7155 0.6892 -0.1140
vn 0.8310 0.5360 -0.1491
vn 0.9148 0.3624 -0.1786
vn 0.9638 0.1751 -0.2012
vn 0.9762 -0.0188 -0.2161
vn 0.9515 -0.2120 -0.2229
vn 0.8907 -0.3971 -0.2212
vn 0.7960 -0.5673 -0.2111
vn 0.6710 -0.7159 -0.1930
vn 0.5202 -0.8374 -0.1675
vn 0.3495 -0.9271 -0.1355
vn 0.1652 -0.9813 -0.0984
vn 0.2318 0.9714 0.0505
vn 0.4168 0.9080 0.0432
vn 0.5856 0.8099 0.0342
vn 0.7319 0.6810 0.0240
vn 0.8502 0.5262 0.0128
vn 0.9362 0.3516 0.0011
vn 0.9865 0.1637 -0.0105
vn 0.9993 -0.0304 -0.0218
vn 0.9742 -0.2234 -0.0323
vn 0.9121 -0.4079 -0.0415
vn 0.8153 -0.5770 -0.0492
vn 0.6874 -0.7242 -0.0550
vn 0.5332 -0.8440 -0.0587
vn 0.3585 -0.9316 -0.0602
vn 0.1698 -0.9837 -0.0593
vn 0.2287 0.9693 0.0898
vn 0.4108 0.9039 0.1189
vn 0.5770 0.8040 0.1435
vn 0.7211 0.6735 0.1626
vn 0.8375 0.5175 0.1754
vn 0.9220 0.3419 0.1816
vn 0.9715 0.1534 0.1809
vn 0.9840 -0.0409 0.1733
vn 0.9592 -0.2337 0.1592
vn 0.8979 -0.4176 0.1389
vn 0.8025 -0.5857 0.1134
vn 0.6765 -0.7317 0.0836
vn 0.5246 -0.8498 0.0506
vn 0.3525 -0.9357 0.0155
vn 0.1668 -0.9858 -0.0201
vn 0.2181 0.9675 0.1276
vn 0.3902 0.9005 0.1920
vn 0.5473 0.7990 0.2490
vn 0.6834 0.6672 0.2964
vn 0.7933 0.5101 0.3325
vn 0.8729 0.3337 0.3559
vn 0.9194 0.1446 0.3658
vn 0.9309 -0.0498 0.3618
vn 0.9071 -0.2424 0.3441
vn 0.8488 -0.4258 0.3133
vn 0.7583 -0.5931 0.2705
vn 0.6388 -0.7380 0.2175
vn 0.4949 -0.8548 0.1561
vn 0.3319 -0.9391 0.0887
vn 0.1561 -0.9876 0.0178
vn 0.2002 0.9661 0.1627
vn 0.3558 0.8978 0.2598
vn 0.4976 0.7951 0.3467
vn 0.6202 0.6622 0.4204
vn 0.7192 0.5043 0.4780
vn 0.7907 0.3272 0.5174
vn 0.8322 0.1378 0.5371
vn 0.8420 -0.0568 0.5364
vn 0.8199 -0.2493 0.5154
vn 0.7667 -0.4323 0.4747
vn 0.6842 -0.5990 0.4160
vn 0.5757 -0.7430 0.3414
vn 0.4451 -0.8587 0.2538
vn 0.2975 -0.9418 0.1564
vn 0.1382 -0.9890 0.0529
vn 0.1758 0.9652 0.1937
vn 0.3087 0.8959 0.3195
vn 0.4297 0.7924 0.4329
vn 0.5341 0.6588 0.5298
vn 0.6182 0.5002 0.6063
vn 0.6786 0.3227 0.6598
vn 0.7133 0.1331 0.6882
vn 0.7208 -0.0616 0.6904
vn 0.7010 -0.2540 0.6664
vn 0.6545 -0.4368 0.6171
vn 0.5832 -0.6030 0.5443
vn 0.4896 -0.7464 0.4508
vn 0.3773 -0.8614 0.3400
vn 0.2504 -0.9437 0.2161
vn 0.1139 -0.9900 0.0838
vn 0.1459 0.9647 0.2193
vn 0.2510 0.8949 0.3689
vn 0.3463 0.7911 0.5043
vn 0.4284 0.6571 0.6203
vn 0.4941 0.4982 0.7125
vn 0.5409 0.3205 0.7776
vn 0.5672 0.1307 0.8132
vn 0.5719 -0.0641 0.8178
vn 0.5549 -0.2564 0.7914
vn 0.5168 -0.4390 0.7350
vn 0.4591 -0.6050 0.6505
vn 0.3838 -0.7481 0.5413
vn 0.2939 -0.8628 0.4113
vn 0.1927 -0.9447 0.2655
vn 0.0839 -0.9904 0.1094
vn 0.1116 0.9647 0.2386
vn 0.1847 0.8949 0.4062
vn 0.2507 0.7911 0.5580
vn 0.3070 0.6571 0.6884
vn 0.3516 0.4982 0.7925
vn 0.3828 0.3205 0.8664
vn 0.3995 0.1307 0.9074
vn 0.4010 -0.0641 0.9139
vn 0.3872 -0.2564 0.8856
vn 0.3588 -0.4390 0.8238
vn 0.3167 -0.6050 0.7306
vn 0.2625 -0.7481 0.6095
vn 0.1982 -0.8628 0.4651
vn 0.1264 -0.9446 0.3028
vn 0.0496 -0.9904 0.1287
vn 0.0741 0.9652 0.2508
vn 0.1124 0.8959 0.4298
vn 0.1464 0.7925 0.5921
vn 0.1747 0.6589 0.7317
vn 0.1964 0.5003 0.8433
vn 0.2105 0.3228 0.9228
vn 0.2167 0.1331 0.9671
vn 0.2146 -0.0616 0.9747
vn 0.2044 -0.2539 0.9454
vn 0.1865 -0.4367 0.8801
vn 0.1614 -0.6029 0.7813
vn 0.1302 -0.7463 0.6527
vn 0.0939 -0.8614 0.4992
vn 0.0541 -0.9437 0.3264
vn 0.0122 -0.9899 0.1410
vn 0.0350 0.9662 0.2555
vn 0.0369 0.8978 0.4389
vn 0.0365 0.6623 0.7483
vn 0.0306 0.3273 0.9444
vn 0.0065 -0.4322 0.9018
vn -0.0080 -0.7429 0.6694
vn -0.0150 -0.8587 0.5123
vn -0.0214 -0.9418 0.3355
vn -0.0270 -0.9890 0.1457
vn -0.7851 0.0216 0.6190
vn -0.7006 0.6946 0.1634
vn -0.4405 0.8843 -0.1550
vn -0.2433 0.9122 -0.3297
vn -0.0314 0.8768 -0.4798
vn 0.3261 0.6816 -0.6550
vn 0.7851 -0.0217 -0.6190
vn 0.6893 -0.7097 -0.1457
vn 0.4292 -0.8878 0.1661
vn 0.2329 -0.9119 0.3380
vn 0.0181 -0.8726 0.4881
vn -0.3455 -0.6658 0.6614
vn -0.6704 0.0944 0.7360
vn -0.6241 0.7431 0.2414
vn -0.4096 0.9038 -0.1235
vn -0.2425 0.9127 -0.3289
vn -0.0605 0.8584 -0.5094
vn 0.2520 0.6346 -0.7306
vn 0.6704 -0.0944 -0.7360
vn 0.6151 -0.7567 -0.2214
vn 0.4002 -0.9062 0.1365
vn 0.2336 -0.9114 0.3387
vn 0.0490 -0.8530 0.5196
vn -0.2690 -0.6173 0.7393
vn -0.5341 0.1642 0.8293
vn -0.5334 0.7895 0.3036
vn -0.3730 0.9226 -0.0984
vn -0.2416 0.9131 -0.3283
vn -0.0950 0.8407 -0.5331
vn 0.1638 0.5895 -0.7910
vn 0.5341 -0.1642 -0.8293
vn 0.5270 -0.8018 -0.2817
vn 0.3656 -0.9239 0.1128
vn 0.2345 -0.9110 0.3394
vn 0.0856 -0.8343 0.5447
vn -0.1783 -0.5708 0.8015
vn -0.3807 0.2286 0.8960
vn -0.4311 0.8325 0.3480
vn -0.3317 0.9399 -0.0805
vn -0.2406 0.9136 -0.3279
vn -0.1339 0.8244 -0.5500
vn 0.0646 0.5478 -0.8341
vn 0.3807 -0.2286 -0.8960
vn 0.4278 -0.8435 -0.3249
vn 0.3268 -0.9402 0.0959
vn 0.2355 -0.9105 0.3398
vn 0.1269 -0.8169 0.5626
vn -0.0760 -0.5279 0.8459
vn -0.2150 0.2857 0.9339
vn -0.3208 0.8705 0.3732
vn -0.2871 0.9553 -0.0703
vn -0.2395 0.9139 -0.3276
vn -0.1758 0.8099 -0.5596
vn -0.0425 0.5109 -0.8586
vn 0.2150 -0.2857 -0.9339
vn 0.3206 -0.8804 -0.3494
vn 0.2848 -0.9547 0.0863
vn 0.2366 -0.9101 0.3400
vn 0.1715 -0.8016 0.5728
vn 0.0343 -0.4898 0.8711
vn -0.0424 0.3336 0.9417
vn -0.2058 0.9025 0.3784
vn -0.2407 0.9682 -0.0682
vn -0.2384 0.9143 -0.3276
vn -0.2196 0.7978 -0.5616
vn -0.1542 0.4799 -0.8637
vn 0.0424 -0.3336 -0.9417
vn 0.2090 -0.9114 -0.3544
vn 0.2411 -0.9668 0.0843
vn 0.2378 -0.9098 0.3401
vn 0.2179 -0.7887 0.5749
vn 0.1493 -0.4579 0.8764
vn 0.1315 0.3708 0.9193
vn -0.0899 0.9272 0.3635
vn -0.1939 0.9782 -0.0742
vn -0.2372 0.9145 -0.3277
vn -0.2636 0.7883 -0.5559
vn -0.2666 0.4558 -0.8492
vn -0.1315 -0.3708 -0.9193
vn 0.0965 -0.9355 -0.3399
vn 0.1970 -0.9763 0.0900
vn 0.2389 -0.9096 0.3399
vn 0.2647 -0.7787 0.5689
vn 0.2652 -0.4331 0.8614
vn 0.3012 0.3961 0.8674
vn 0.0231 0.9441 0.3289
vn -0.1483 0.9850 -0.0882
vn -0.2361 0.9147 -0.3281
vn -0.3066 0.7819 -0.5427
vn -0.3764 0.4395 -0.8156
vn -0.3012 -0.3961 -0.8674
vn -0.0132 -0.9518 -0.3063
vn 0.1540 -0.9827 0.1032
vn 0.2401 -0.9094 0.3396
vn 0.3103 -0.7719 0.5549
vn 0.3782 -0.4163 0.8268
vn 0.4613 0.4087 0.7875
vn 0.1298 0.9524 0.2757
vn -0.1052 0.9884 -0.1097
vn -0.2350 0.9148 -0.3286
vn -0.3472 0.7788 -0.5225
vn -0.4799 0.4313 -0.7640
vn -0.4613 -0.4087 -0.7875
vn -0.1167 -0.9599 -0.2547
vn 0.1134 -0.9859 0.1234
vn 0.2411 -0.9093 0.3391
vn 0.3534 -0.7685 0.5334
vn 0.4849 -0.4079 0.7736
vn 0.6065 0.4081 0.6824
vn 0.2265 0.9521 0.2056
vn -0.0661 0.9882 -0.1379
vn -0.2340 0.9148 -0.3293
vn -0.3840 0.7789 -0.4959
vn -0.5738 0.4317 -0.6960
vn -0.6065 -0.4081 -0.6824
vn -0.2106 -0.9596 -0.1867
vn 0.0766 -0.9857 0.1501
vn 0.2421 -0.9093 0.3384
vn 0.3925 -0.7687 0.5051
vn 0.5816 -0.4083 0.7036
vn 0.7322 0.3944 0.5553
vn 0.3102 0.9429 0.1210
vn -0.0323 0.9845 -0.1721
vn -0.2332 0.9147 -0.3302
vn -0.4158 0.7824 -0.4637
vn -0.6551 0.4406 -0.6138
vn -0.7322 -0.3944 -0.5553
vn -0.2919 -0.9507 -0.1045
vn 0.0448 -0.9822 0.1823
vn 0.2429 -0.9094 0.3375
vn 0.4263 -0.7723 0.4709
vn 0.6653 -0.4174 0.6189
vn 0.8344 0.3680 0.4104
vn 0.3783 0.9254 0.0244
vn -0.0048 0.9774 -0.2111
vn -0.2325 0.9145 -0.3311
vn -0.4417 0.7891 -0.4269
vn -0.7212 0.4576 -0.5200
vn -0.8344 -0.3680 -0.4104
vn -0.3580 -0.9336 -0.0108
vn 0.0189 -0.9755 0.2190
vn 0.2436 -0.9096 0.3366
vn 0.4538 -0.7794 0.4319
vn 0.7334 -0.4350 0.5224
vn 0.9097 0.3298 0.2523
vn 0.4285 0.8999 -0.0809
vn 0.0155 0.9672 -0.2537
vn -0.2320 0.9142 -0.3322
vn -0.4608 0.7987 -0.3869
vn -0.7699 0.4823 -0.4178
vn -0.9097 -0.3298 -0.2523
vn -0.4068 -0.9089 0.0915
vn -0.0002 -0.9659 0.2590
vn 0.2441 -0.9099 0.3355
vn 0.4740 -0.7897 0.3894
vn 0.7836 -0.4605 0.4170
vn 0.9558 0.2810 0.0860
vn 0.4593 0.8674 -0.1917
vn 0.0279 0.9540 -0.2984
vn -0.2317 0.9139 -0.3333
vn -0.4725 0.8111 -0.3448
vn -0.7998 0.5139 -0.3103
vn -0.9558 -0.2810 -0.0860
vn -0.4366 -0.8774 0.1990
vn -0.0119 -0.9535 0.3012
vn 0.2444 -0.9102 0.3344
vn 0.4865 -0.8028 0.3447
vn 0.8143 -0.4930 0.3063
vn 0.9712 0.2232 -0.0830
vn 0.4695 0.8289 -0.3042
vn 0.0320 0.9385 -0.3439
vn -0.2316 0.9135 -0.3344
vn -0.4764 0.8258 -0.3019
vn -0.8097 0.5513 -0.2010
vn -0.9712 -0.2232 0.0830
vn -0.4466 -0.8400 0.3083
vn -0.0158 -0.9388 0.3440
vn 0.2445 -0.9106 0.3333
vn 0.4906 -0.8184 0.2992
vn 0.8246 -0.5315 0.1937
vn 0.9554 0.1581 -0.2493
vn 0.4590 0.7855 -0.4150
vn 0.0277 0.9210 -0.3886
vn -0.2317 0.9131 -0.3355
vn -0.4724 0.8422 -0.2598
vn -0.7995 0.5934 -0.0934
vn -0.9554 -0.1581 0.2493
vn -0.4363 -0.7979 0.4159
vn -0.0118 -0.9224 0.3861
vn 0.2444 -0.9110 0.3322
vn 0.4863 -0.8359 0.2545
vn 0.8141 -0.5748 0.0829
vn 0.9089 0.0881 -0.4076
vn 0.4280 0.7388 -0.5205
vn 0.0152 0.9021 -0.4312
vn -0.2320 0.9126 -0.3365
vn -0.4606 0.8600 -0.2197
vn -0.7694 0.6387 0.0090
vn -0.9089 -0.0881 0.4076
vn -0.4062 -0.7526 0.5182
vn -0.0000 -0.9046 0.4262
vn 0.2441 -0.9115 0.3311
vn 0.4738 -0.8547 0.2119
vn 0.7831 -0.6215 -0.0226
vn 0.8332 0.0151 -0.5528
vn 0.3775 0.6903 -0.6173
vn -0.0051 0.8825 -0.4703
vn -0.2325 0.9121 -0.3375
vn -0.4414 0.8785 -0.1829
vn -0.7204 0.6859 0.1029
vn -0.8332 -0.0151 0.5528
vn -0.3573 -0.7054 0.6122
vn 0.0192 -0.8861 0.4630
vn 0.2436 -0.9119 0.3302
vn 0.4535 -0.8744 0.1728
vn 0.7326 -0.6701 -0.1193
vn 0.7307 -0.0583 -0.6803
vn 0.3092 0.6414 -0.7022
vn -0.0327 0.8628 -0.5046
vn -0.2332 0.9117 -0.3384
vn -0.4154 0.8971 -0.1506
vn -0.6541 0.7333 0.1853
vn -0.7307 0.0583 0.6803
vn -0.2910 -0.6580 0.6946
vn 0.0452 -0.8675 0.4953
vn 0.2429 -0.9124 0.3293
vn 0.4259 -0.8941 0.1385
vn 0.6643 -0.7190 -0.2042
vn 0.6047 -0.1298 -0.7858
vn 0.2253 0.5937 -0.7725
vn -0.0666 0.8435 -0.5330
vn -0.2341 0.9112 -0.3391
vn -0.3835 0.9152 -0.1238
vn -0.5726 0.7796 0.2536
vn -0.6047 0.1298 0.7858
vn -0.2095 -0.6117 0.7629
vn 0.0771 -0.8494 0.5221
vn 0.2421 -0.9129 0.3286
vn 0.3920 -0.9134 0.1101
vn 0.5804 -0.7667 -0.2746
vn 0.4592 -0.1972 -0.8662
vn 0.1284 0.5488 -0.8260
vn -0.1058 0.8254 -0.5546
vn -0.2350 0.9107 -0.3396
vn -0.3467 0.9323 -0.1035
vn -0.4786 0.8232 0.3056
vn -0.4592 0.1972 0.8662
vn -0.1154 -0.5681 0.8148
vn 0.1140 -0.8323 0.5424
vn 0.2411 -0.9134 0.3281
vn 0.3528 -0.9315 0.0885
vn 0.4835 -0.8115 -0.3281
vn 0.2990 -0.2582 -0.9186
vn 0.0217 0.5082 -0.8610
vn -0.1488 0.8090 -0.5687
vn -0.2361 0.9103 -0.3399
vn -0.3061 0.9477 -0.0902
vn -0.3750 0.8626 0.3395
vn -0.2990 0.2582 0.9186
vn -0.0118 -0.5287 0.8488
vn 0.1545 -0.8169 0.5557
vn 0.2401 -0.9138 0.3277
vn 0.3097 -0.9479 0.0744
vn 0.3768 -0.8522 -0.3630
vn 0.1292 -0.3109 -0.9416
vn -0.0915 0.4730 -0.8763
vn -0.1945 0.7948 -0.5749
vn -0.2372 0.9100 -0.3401
vn -0.2630 0.9611 -0.0844
vn -0.2652 0.8967 0.3543
vn -0.1292 0.3109 0.9416
vn 0.0980 -0.4946 0.8636
vn 0.1976 -0.8035 0.5615
vn 0.2389 -0.9141 0.3276
vn 0.2641 -0.9621 0.0682
vn 0.2636 -0.8873 -0.3783
vn -0.0447 -0.3537 -0.9343
vn -0.2074 0.4446 -0.8714
vn -0.2413 0.7833 -0.5729
vn -0.2384 0.9097 -0.3400
vn -0.2190 0.9719 -0.0862
vn -0.1526 0.9244 0.3496
vn 0.0447 0.3537 0.9343
vn 0.2105 -0.4669 0.8589
vn 0.2416 -0.7927 0.5597
vn 0.2378 -0.9144 0.3276
vn 0.2173 -0.9736 0.0702
vn 0.1477 -0.9158 -0.3735
vn -0.2173 -0.3850 -0.8970
vn -0.3223 0.4237 -0.8465
vn -0.2877 0.7749 -0.5629
vn -0.2395 0.9095 -0.3398
vn -0.1753 0.9799 -0.0957
vn -0.0411 0.9447 0.3255
vn 0.2173 0.3850 0.8970
vn 0.3221 -0.4466 0.8347
vn 0.2854 -0.7848 0.5502
vn 0.2366 -0.9146 0.3279
vn 0.1708 -0.9820 0.0802
vn 0.0328 -0.9367 -0.3486
vn -0.3828 -0.4040 -0.8308
vn -0.4326 0.4110 -0.8025
vn -0.3323 0.7697 -0.5451
vn -0.2406 0.9094 -0.3394
vn -0.1333 0.9847 -0.1125
vn 0.0660 0.9569 0.2827
vn 0.3828 0.4040 0.8308
vn 0.4291 -0.4344 0.7919
vn 0.3273 -0.7799 0.5335
vn 0.2355 -0.9147 0.3283
vn 0.1263 -0.9871 0.0980
vn -0.0775 -0.9494 -0.3045
vn -0.5360 -0.4100 -0.7379
vn -0.5347 0.4070 -0.7406
vn -0.3735 0.7681 -0.5201
vn -0.2416 0.9093 -0.3387
vn -0.0945 0.9862 -0.1360
vn 0.1651 0.9608 0.2226
vn 0.5360 0.4100 0.7379
vn 0.5283 -0.4305 0.7319
vn 0.3661 -0.7784 0.5099
vn 0.2345 -0.9148 0.3289
vn 0.0851 -0.9888 0.1230
vn -0.1796 -0.9534 -0.2427
vn -0.6720 -0.4029 -0.6214
vn -0.6253 0.4118 -0.6629
vn -0.4101 0.7701 -0.4887
vn -0.2425 0.9094 -0.3380
vn -0.0600 0.9844 -0.1655
vn 0.2530 0.9562 0.1472
vn 0.6720 0.4029 0.6214
vn 0.6162 -0.4351 0.6565
vn 0.4006 -0.7802 0.4804
vn 0.2336 -0.9147 0.3297
vn 0.0485 -0.9868 0.1544
vn -0.2702 -0.9486 -0.1650
vn -0.7864 -0.3827 -0.4848
vn -0.7015 0.4252 -0.5719
vn -0.4409 0.7755 -0.4520
vn -0.2433 0.9095 -0.3371
vn -0.0310 0.9793 -0.2001
vn 0.3270 0.9432 0.0589
vn 0.7864 0.3827 0.4848
vn 0.6902 -0.4481 0.5682
vn 0.4296 -0.7853 0.4458
vn 0.2328 -0.9146 0.3306
vn 0.0177 -0.9814 0.1911
vn -0.3464 -0.9352 -0.0740
vn -0.8756 -0.3503 -0.3327
vn -0.7609 0.4468 -0.4706
vn -0.4649 0.7842 -0.4110
vn -0.2439 0.9097 -0.3361
vn -0.0085 0.9711 -0.2387
vn 0.3847 0.9222 -0.0395
vn 0.8756 0.3503 0.3327
vn 0.7478 -0.4691 0.4698
vn 0.4521 -0.7935 0.4072
vn 0.2323 -0.9144 0.3316
vn -0.0063 -0.9727 0.2320
vn -0.4058 -0.9136 0.0273
vn -0.9366 -0.3066 -0.1698
vn -0.8015 0.4759 -0.3621
vn -0.4813 0.7959 -0.3672
vn -0.2443 0.9100 -0.3350
vn 0.0070 0.9600 -0.2799
vn 0.4241 0.8940 -0.1448
vn 0.9366 0.3066 0.1698
vn 0.7873 -0.4973 0.3645
vn 0.4676 -0.8046 0.3660
vn 0.2318 -0.9141 0.3327
vn -0.0227 -0.9609 0.2758
vn -0.4464 -0.8845 0.1358
vn -0.9674 -0.2531 -0.0015
vn -0.8221 0.5116 -0.2500
vn -0.4896 0.8103 -0.3220
vn -0.2445 0.9104 -0.3339
vn 0.0148 0.9464 -0.3226
vn 0.4441 0.8593 -0.2536
vn 0.9674 0.2531 0.0015
vn 0.8073 -0.5320 0.2556
vn 0.4754 -0.8182 0.3233
vn 0.2316 -0.9137 0.3338
vn -0.0310 -0.9465 0.3211
vn -0.4670 -0.8488 0.2479
vn -0.9672 -0.1914 0.1668
vn -0.8219 0.5527 -0.1379
vn -0.4895 0.8269 -0.2767
vn -0.2445 0.9108 -0.3327
vn 0.0148 0.9308 -0.3652
vn 0.4440 0.8194 -0.3625
vn 0.9672 0.1914 -0.1668
vn 0.8071 -0.5718 0.1468
vn 0.4754 -0.8338 0.2807
vn 0.2316 -0.9133 0.3349
vn -0.0309 -0.9299 0.3664
vn -0.4668 -0.8077 0.3601
vn -0.9359 -0.1236 0.3298
vn -0.8011 0.5978 -0.0293
vn -0.4811 0.8452 -0.2328
vn -0.2443 0.9112 -0.3316
vn 0.0068 0.9136 -0.4065
vn 0.4237 0.7756 -0.4679
vn 0.9359 0.1236 -0.3298
vn 0.7869 -0.6157 0.0414
vn 0.4674 -0.8510 0.2394
vn 0.2319 -0.9129 0.3360
vn -0.0225 -0.9117 0.4103
vn -0.4460 -0.7625 0.4687
vn -0.8746 -0.0518 0.4821
vn -0.7602 0.6457 0.0722
vn -0.4646 0.8645 -0.1918
vn -0.2439 0.9117 -0.3306
vn -0.0087 0.8954 -0.4451
vn 0.3840 0.7291 -0.5665
vn 0.8746 0.0518 -0.4821
vn 0.7472 -0.6621 -0.0572
vn 0.4519 -0.8692 0.2008
vn 0.2323 -0.9124 0.3370
vn -0.0060 -0.8924 0.4513
vn -0.4051 -0.7147 0.5702
vt 0.241818 0.188133
vt 0.230346 0.203048
vt 0.227556 0.191196
vt 0.326749 0.193153
vt 0.340483 0.209385
vt 0.323594 0.204479
vt 0.212236 0.195762
vt 0.215710 0.206712
vt 0.308665 0.201362
vt 0.310871 0.189285
vt 0.199436 0.212141
vt 0.195595 0.202438
vt 0.296358 0.186845
vt 0.294858 0.199534
vt 0.180127 0.220437
vt 0.176142 0.212462
vt 0.282496 0.185629
vt 0.281911 0.198628
vt 0.154002 0.233712
vt 0.151048 0.228064
vt 0.269291 0.198498
vt 0.268956 0.185554
vt 0.391758 0.224167
vt 0.421797 0.241731
vt 0.388919 0.230334
vt 0.123713 0.245960
vt 0.256709 0.199140
vt 0.255514 0.186303
vt 0.364493 0.208784
vt 0.360637 0.217201
vt 0.243889 0.200625
vt 0.344092 0.199275
vt 0.245460 0.212367
vt 0.337607 0.219222
vt 0.232540 0.214321
vt 0.321060 0.215362
vt 0.218684 0.217320
vt 0.306845 0.212903
vt 0.202544 0.221644
vt 0.293780 0.211438
vt 0.183409 0.228461
vt 0.281493 0.210776
vt 0.156461 0.239589
vt 0.269567 0.210681
vt 0.418579 0.247862
vt 0.386081 0.236426
vt 0.125249 0.249194
vt 0.257659 0.211199
vt 0.357526 0.225576
vt 0.205177 0.230956
vt 0.186089 0.236504
vt 0.292942 0.222789
vt 0.281192 0.222315
vt 0.158456 0.245651
vt 0.269816 0.222252
vt 0.416479 0.251709
vt 0.383692 0.242619
vt 0.126531 0.252795
vt 0.258426 0.222677
vt 0.355034 0.233869
vt 0.246739 0.223608
vt 0.335141 0.228830
vt 0.234360 0.225179
vt 0.319117 0.225827
vt 0.220852 0.227549
vt 0.305483 0.223899
vt 0.333331 0.238198
vt 0.247756 0.234441
vt 0.235771 0.235668
vt 0.317736 0.235958
vt 0.222583 0.237519
vt 0.304387 0.234523
vt 0.207239 0.240133
vt 0.292308 0.233691
vt 0.188235 0.244550
vt 0.280974 0.233352
vt 0.160015 0.251867
vt 0.270004 0.233386
vt 0.414732 0.255817
vt 0.381720 0.248897
vt 0.127526 0.256712
vt 0.259039 0.233713
vt 0.352834 0.242064
vt 0.291864 0.244259
vt 0.280849 0.244056
vt 0.161163 0.258214
vt 0.270183 0.244135
vt 0.413253 0.260039
vt 0.380157 0.255232
vt 0.128210 0.260899
vt 0.259526 0.244399
vt 0.351117 0.250216
vt 0.248544 0.244955
vt 0.332003 0.247372
vt 0.236849 0.245884
vt 0.316733 0.245816
vt 0.223915 0.247283
vt 0.303596 0.244834
vt 0.208811 0.249203
vt 0.189906 0.252590
vt 0.249133 0.255237
vt 0.237638 0.255902
vt 0.315915 0.255518
vt 0.224883 0.256894
vt 0.303176 0.254885
vt 0.209943 0.258186
vt 0.291607 0.254575
vt 0.191081 0.260606
vt 0.280806 0.254502
vt 0.162519 0.264492
vt 0.270353 0.254619
vt 0.411961 0.264336
vt 0.378994 0.261580
vt 0.129818 0.268269
vt 0.259907 0.254830
vt 0.350137 0.258328
vt 0.331022 0.256446
vt 0.163489 0.270754
vt 0.280838 0.264777
vt 0.270515 0.264931
vt 0.410969 0.268763
vt 0.378208 0.267925
vt 0.131056 0.272572
vt 0.260195 0.265096
vt 0.349595 0.266358
vt 0.249545 0.265369
vt 0.330441 0.265450
vt 0.238167 0.265792
vt 0.315560 0.265084
vt 0.225516 0.266404
vt 0.302908 0.264816
vt 0.210670 0.267108
vt 0.291504 0.264724
vt 0.191824 0.268577
vt 0.315504 0.274570
vt 0.225830 0.275868
vt 0.302894 0.274657
vt 0.211013 0.276001
vt 0.291556 0.274788
vt 0.192126 0.276516
vt 0.280947 0.274963
vt 0.164080 0.276986
vt 0.270674 0.275155
vt 0.410350 0.273254
vt 0.377785 0.274267
vt 0.131994 0.276885
vt 0.260400 0.275279
vt 0.349232 0.274344
vt 0.249791 0.275425
vt 0.330322 0.274377
vt 0.238451 0.275620
vt 0.281135 0.285137
vt 0.270833 0.285372
vt 0.410001 0.277691
vt 0.377733 0.280587
vt 0.132030 0.278200
vt 0.163706 0.283232
vt 0.260526 0.285459
vt 0.349293 0.282318
vt 0.249880 0.285481
vt 0.330575 0.283252
vt 0.238500 0.285452
vt 0.315753 0.284021
vt 0.225833 0.285339
vt 0.303121 0.284474
vt 0.210983 0.284908
vt 0.291767 0.284835
vt 0.192022 0.284451
vt 0.225520 0.294872
vt 0.316316 0.293492
vt 0.303593 0.294334
vt 0.210583 0.293871
vt 0.292143 0.294937
vt 0.191457 0.292419
vt 0.281408 0.295377
vt 0.162959 0.289512
vt 0.270996 0.295661
vt 0.409842 0.282059
vt 0.378059 0.286850
vt 0.131292 0.282561
vt 0.260575 0.295712
vt 0.350054 0.290242
vt 0.249811 0.295611
vt 0.331130 0.292142
vt 0.238310 0.295353
vt 0.130446 0.290035
vt 0.162441 0.295835
vt 0.260547 0.306122
vt 0.350998 0.298173
vt 0.249579 0.305891
vt 0.332176 0.301080
vt 0.237872 0.305391
vt 0.317228 0.303051
vt 0.224873 0.304519
vt 0.304322 0.304306
vt 0.209698 0.302902
vt 0.292698 0.305171
vt 0.190642 0.300440
vt 0.281776 0.305764
vt 0.271169 0.306106
vt 0.410083 0.286366
vt 0.378762 0.293058
vt 0.223875 0.314326
vt 0.208472 0.312031
vt 0.293455 0.315616
vt 0.189127 0.308487
vt 0.282253 0.316387
vt 0.160951 0.301991
vt 0.271356 0.316798
vt 0.410597 0.290502
vt 0.379864 0.299191
vt 0.130293 0.291309
vt 0.260438 0.316778
vt 0.352416 0.306114
vt 0.249171 0.316403
vt 0.333650 0.310071
vt 0.237166 0.315636
vt 0.318527 0.312732
vt 0.305323 0.314450
vt 0.381381 0.305205
vt 0.354598 0.313988
vt 0.248568 0.327241
vt 0.335520 0.319153
vt 0.236160 0.326174
vt 0.320111 0.322599
vt 0.222481 0.324375
vt 0.306748 0.324869
vt 0.206776 0.321336
vt 0.294455 0.326375
vt 0.187091 0.316582
vt 0.282857 0.327344
vt 0.159044 0.308105
vt 0.271562 0.327836
vt 0.411304 0.294458
vt 0.128807 0.295320
vt 0.260241 0.327777
vt 0.295713 0.337522
vt 0.204466 0.330859
vt 0.184737 0.324781
vt 0.283611 0.338743
vt 0.156708 0.314146
vt 0.271793 0.339337
vt 0.412393 0.298208
vt 0.383330 0.311093
vt 0.127058 0.299208
vt 0.259942 0.339236
vt 0.357096 0.321896
vt 0.247739 0.338512
vt 0.338042 0.328400
vt 0.234808 0.337095
vt 0.322321 0.332739
vt 0.220627 0.334735
vt 0.308464 0.335608
vt 0.246641 0.350337
vt 0.341185 0.337795
vt 0.233048 0.348496
vt 0.325076 0.343181
vt 0.218245 0.345457
vt 0.310657 0.346789
vt 0.201553 0.340588
vt 0.297299 0.349196
vt 0.181705 0.333061
vt 0.284548 0.350720
vt 0.154410 0.320278
vt 0.272058 0.351441
vt 0.413717 0.301654
vt 0.385741 0.316813
vt 0.124275 0.305491
vt 0.259525 0.351289
vt 0.360239 0.329788
vt 0.197995 0.350521
vt 0.177782 0.341299
vt 0.299291 0.361537
vt 0.285713 0.363440
vt 0.151153 0.325971
vt 0.272365 0.364320
vt 0.415274 0.304736
vt 0.388648 0.322318
vt 0.123740 0.306512
vt 0.258961 0.364104
vt 0.364091 0.337643
vt 0.245214 0.362866
vt 0.345075 0.347358
vt 0.230791 0.360498
vt 0.328504 0.353995
vt 0.215234 0.356615
vt 0.313415 0.358516
vt 0.368963 0.345310
vt 0.349759 0.357056
vt 0.243371 0.376286
vt 0.227911 0.373251
vt 0.332756 0.365249
vt 0.211438 0.368324
vt 0.316875 0.370918
vt 0.193546 0.360761
vt 0.301794 0.374717
vt 0.173079 0.349526
vt 0.287170 0.377105
vt 0.147360 0.331446
vt 0.272727 0.378189
vt 0.416965 0.307433
vt 0.392077 0.327533
vt 0.121327 0.309358
vt 0.258211 0.377891
vt 0.304955 0.388957
vt 0.289003 0.391975
vt 0.143005 0.336636
vt 0.273158 0.393326
vt 0.417768 0.308076
vt 0.396343 0.332151
vt 0.118708 0.311826
vt 0.257220 0.392918
vt 0.374501 0.352873
vt 0.240989 0.390832
vt 0.355634 0.366998
vt 0.224235 0.386934
vt 0.338066 0.377055
vt 0.206660 0.380679
vt 0.321229 0.384159
vt 0.188040 0.371311
vt 0.167460 0.357684
vt 0.237895 0.406804
vt 0.219523 0.401760
vt 0.344690 0.389455
vt 0.200636 0.393778
vt 0.326736 0.398420
vt 0.181246 0.382153
vt 0.308981 0.404534
vt 0.160774 0.365679
vt 0.291334 0.408392
vt 0.138066 0.341453
vt 0.273679 0.410097
vt 0.420385 0.309667
vt 0.401166 0.336391
vt 0.115962 0.313848
vt 0.255903 0.409537
vt 0.381132 0.360184
vt 0.362806 0.377093
vt 0.152854 0.373366
vt 0.132527 0.345787
vt 0.294336 0.426811
vt 0.274317 0.428995
vt 0.422967 0.310786
vt 0.406553 0.340136
vt 0.113188 0.315363
vt 0.254138 0.428221
vt 0.389144 0.366990
vt 0.233832 0.424593
vt 0.371435 0.387145
vt 0.213427 0.417991
vt 0.352989 0.402487
vt 0.192997 0.407717
vt 0.333770 0.413917
vt 0.172866 0.393227
vt 0.314168 0.421808
vt 0.183230 0.422568
vt 0.363531 0.416219
vt 0.342875 0.430927
vt 0.162512 0.404397
vt 0.320957 0.441263
vt 0.143522 0.380528
vt 0.298268 0.447860
vt 0.126388 0.349502
vt 0.275111 0.450706
vt 0.426548 0.312053
vt 0.412386 0.343484
vt 0.110507 0.316327
vt 0.251740 0.449622
vt 0.398376 0.373226
vt 0.228416 0.444726
vt 0.382231 0.397195
vt 0.205442 0.435948
vt 0.428192 0.312252
vt 0.418751 0.345959
vt 0.108071 0.316725
vt 0.119676 0.352435
vt 0.248425 0.474667
vt 0.409199 0.378410
vt 0.221054 0.467936
vt 0.395210 0.406639
vt 0.194814 0.456017
vt 0.376986 0.430531
vt 0.170604 0.438349
vt 0.354836 0.449740
vt 0.149701 0.415391
vt 0.330016 0.463564
vt 0.132597 0.386845
vt 0.303510 0.472429
vt 0.276114 0.476183
vt 0.394509 0.445298
vt 0.370841 0.470665
vt 0.154042 0.454970
vt 0.133858 0.425692
vt 0.342428 0.489708
vt 0.119923 0.391870
vt 0.310614 0.501819
vt 0.112458 0.354395
vt 0.277403 0.506731
vt 0.429438 0.311968
vt 0.425554 0.347387
vt 0.106064 0.316593
vt 0.243791 0.504717
vt 0.421408 0.382146
vt 0.210770 0.495333
vt 0.411404 0.415152
vt 0.180404 0.478610
vt 0.237380 0.541843
vt 0.435060 0.383732
vt 0.195691 0.529020
vt 0.431096 0.421570
vt 0.160563 0.503800
vt 0.417767 0.460110
vt 0.131803 0.472209
vt 0.392529 0.493596
vt 0.114439 0.434305
vt 0.360253 0.521584
vt 0.105419 0.394988
vt 0.320259 0.538021
vt 0.104863 0.355174
vt 0.279074 0.543808
vt 0.430046 0.311428
vt 0.432621 0.347575
vt 0.104689 0.316041
vt 0.109184 0.126509
vt 0.146474 0.103548
vt 0.129030 0.133536
vt 0.382626 0.044828
vt 0.331646 0.053480
vt 0.346666 0.021446
vt 0.118444 0.166687
vt 0.104689 0.164957
vt 0.306806 0.005576
vt 0.298621 0.043402
vt 0.114056 0.201929
vt 0.106975 0.201735
vt 0.262205 0.000075
vt 0.264010 0.040920
vt 0.437487 0.194203
vt 0.437681 0.233198
vt 0.429920 0.194982
vt 0.109523 0.237950
vt 0.229833 0.046341
vt 0.218388 0.009616
vt 0.436891 0.154577
vt 0.422476 0.157575
vt 0.198087 0.059095
vt 0.180496 0.028943
vt 0.428637 0.114634
vt 0.408556 0.123714
vt 0.147468 0.055073
vt 0.169769 0.078452
vt 0.387974 0.094250
vt 0.409448 0.077655
vt 0.124321 0.089362
vt 0.362029 0.070628
vt 0.422722 0.196960
vt 0.409701 0.162603
vt 0.210728 0.085091
vt 0.392737 0.134010
vt 0.185870 0.099320
vt 0.371538 0.110789
vt 0.163679 0.118267
vt 0.347388 0.093197
vt 0.144863 0.142202
vt 0.321061 0.080781
vt 0.130917 0.170560
vt 0.293456 0.073940
vt 0.120953 0.203404
vt 0.265313 0.072492
vt 0.436407 0.232687
vt 0.109983 0.237854
vt 0.237456 0.076163
vt 0.313499 0.104151
vt 0.141626 0.175902
vt 0.289948 0.099299
vt 0.127355 0.205730
vt 0.266304 0.098368
vt 0.434520 0.232595
vt 0.416028 0.199928
vt 0.112289 0.237227
vt 0.242862 0.101030
vt 0.398643 0.168915
vt 0.219937 0.107538
vt 0.380002 0.144958
vt 0.197887 0.118169
vt 0.358896 0.126632
vt 0.177115 0.132749
vt 0.336624 0.113279
vt 0.158036 0.151918
vt 0.226805 0.127186
vt 0.389339 0.176177
vt 0.369514 0.156206
vt 0.207036 0.135278
vt 0.349059 0.141615
vt 0.187667 0.146650
vt 0.328536 0.131315
vt 0.168778 0.162048
vt 0.307964 0.124471
vt 0.150924 0.182294
vt 0.287459 0.120925
vt 0.133201 0.209110
vt 0.267080 0.120301
vt 0.432155 0.232954
vt 0.409922 0.203688
vt 0.113034 0.237238
vt 0.246848 0.122303
vt 0.158881 0.189352
vt 0.303827 0.142434
vt 0.285643 0.139785
vt 0.138455 0.213192
vt 0.267700 0.139362
vt 0.429551 0.233895
vt 0.404431 0.208074
vt 0.115003 0.237956
vt 0.249869 0.140903
vt 0.381479 0.183988
vt 0.232034 0.144646
vt 0.361022 0.167357
vt 0.214114 0.150911
vt 0.341355 0.155687
vt 0.196019 0.159881
vt 0.322358 0.147652
vt 0.177564 0.172299
vt 0.236079 0.160388
vt 0.219668 0.165312
vt 0.335295 0.168904
vt 0.202678 0.172448
vt 0.317572 0.162595
vt 0.184769 0.182503
vt 0.300689 0.158556
vt 0.165652 0.196837
vt 0.284293 0.156553
vt 0.143115 0.217838
vt 0.268204 0.156269
vt 0.426838 0.235407
vt 0.399550 0.212945
vt 0.117086 0.239284
vt 0.252205 0.157475
vt 0.374897 0.192120
vt 0.354081 0.178297
vt 0.171387 0.204581
vt 0.147195 0.222934
vt 0.283280 0.171705
vt 0.268617 0.171531
vt 0.426098 0.236146
vt 0.395551 0.218541
vt 0.119155 0.241201
vt 0.254037 0.172482
vt 0.369080 0.200366
vt 0.239232 0.174758
vt 0.348531 0.188889
vt 0.224095 0.178708
vt 0.330557 0.181322
vt 0.208006 0.184396
vt 0.313801 0.176413
vt 0.190695 0.192567
vt 0.298299 0.173217
vt 0.422363 0.240702
vt 0.122948 0.245153
vt 0.000474 0.707738
vt 0.005725 0.678638
vt 0.005544 0.707747
vt 0.013861 0.678695
vt 0.013772 0.707771
vt 0.024798 0.678744
vt 0.024558 0.707759
vt 0.036076 0.707842
vt 0.036190 0.678779
vt 0.045898 0.707852
vt 0.052283 0.678870
vt 0.052280 0.707887
vt 0.058663 0.707861
vt 0.068369 0.678814
vt 0.068501 0.707865
vt 0.079915 0.678882
vt 0.079875 0.707866
vt 0.090795 0.707850
vt 0.090715 0.678822
vt 0.098917 0.707847
vt 0.103894 0.678805
vt 0.103987 0.707838
vt 0.000651 0.678606
vt 0.005921 0.649679
vt 0.014011 0.649738
vt 0.036368 0.649858
vt 0.045877 0.649881
vt 0.045939 0.678863
vt 0.052320 0.649895
vt 0.058626 0.678876
vt 0.068419 0.649862
vt 0.079922 0.649931
vt 0.090672 0.649879
vt 0.098839 0.678821
vt 0.098780 0.649878
vt 0.001097 0.620860
vt 0.000894 0.649642
vt 0.014211 0.620914
vt 0.024752 0.649823
vt 0.036270 0.620968
vt 0.046020 0.620917
vt 0.058769 0.620968
vt 0.058759 0.649905
vt 0.068343 0.620967
vt 0.090518 0.621001
vt 0.103768 0.620970
vt 0.103815 0.649868
vt 0.006093 0.592080
vt 0.006121 0.620872
vt 0.024833 0.592085
vt 0.024841 0.620943
vt 0.036376 0.592105
vt 0.046075 0.592109
vt 0.052435 0.620964
vt 0.052384 0.592133
vt 0.068371 0.592152
vt 0.079893 0.621025
vt 0.079778 0.592177
vt 0.098655 0.592090
vt 0.098719 0.620981
vt 0.103684 0.592061
vt 0.001061 0.592073
vt 0.006176 0.563263
vt 0.014152 0.592105
vt 0.014211 0.563299
vt 0.036413 0.563368
vt 0.052299 0.563403
vt 0.058774 0.592122
vt 0.068319 0.563366
vt 0.079806 0.563396
vt 0.090585 0.592134
vt 0.098436 0.563301
vt 0.001167 0.563237
vt 0.006375 0.534620
vt 0.024948 0.534662
vt 0.025006 0.563312
vt 0.036311 0.534685
vt 0.046032 0.563415
vt 0.052283 0.534700
vt 0.058563 0.563391
vt 0.068088 0.534715
vt 0.079661 0.534674
vt 0.090382 0.563357
vt 0.098286 0.534644
vt 0.103446 0.563267
vt 0.001377 0.534613
vt 0.006240 0.505922
vt 0.014340 0.505957
vt 0.014335 0.534639
vt 0.025047 0.506003
vt 0.036464 0.506044
vt 0.046064 0.506065
vt 0.045860 0.534697
vt 0.052321 0.506101
vt 0.058623 0.534731
vt 0.058659 0.506101
vt 0.068167 0.506142
vt 0.079464 0.506058
vt 0.090344 0.534678
vt 0.098257 0.505946
vt 0.103244 0.505903
vt 0.103289 0.534623
vt 0.001588 0.477128
vt 0.001234 0.505907
vt 0.006580 0.477194
vt 0.014579 0.477293
vt 0.025193 0.477420
vt 0.046075 0.477610
vt 0.058541 0.477647
vt 0.079363 0.477598
vt 0.089968 0.477479
vt 0.090177 0.506003
vt 0.097844 0.477411
vt 0.102800 0.477352
vt 0.007009 0.448806
vt 0.014919 0.448924
vt 0.036660 0.449209
vt 0.036538 0.477533
vt 0.046103 0.449295
vt 0.052351 0.477648
vt 0.052327 0.449338
vt 0.067999 0.449302
vt 0.068194 0.477632
vt 0.079199 0.449325
vt 0.089660 0.449214
vt 0.102524 0.449086
vt 0.002095 0.448726
vt 0.007435 0.420747
vt 0.015267 0.420848
vt 0.025424 0.449076
vt 0.036850 0.421119
vt 0.046130 0.421155
vt 0.052331 0.421206
vt 0.058550 0.449372
vt 0.067935 0.421196
vt 0.089533 0.421158
vt 0.097628 0.449141
vt 0.102139 0.421084
vt 0.002893 0.392897
vt 0.002565 0.420684
vt 0.015534 0.392993
vt 0.025678 0.420984
vt 0.025769 0.393050
vt 0.046350 0.393203
vt 0.052433 0.393224
vt 0.058530 0.421251
vt 0.067960 0.393243
vt 0.079103 0.421248
vt 0.089425 0.393292
vt 0.097271 0.421118
vt 0.102056 0.393304
vt 0.002971 0.365186
vt 0.007736 0.392928
vt 0.015614 0.365206
vt 0.025995 0.365179
vt 0.036882 0.393164
vt 0.036961 0.365208
vt 0.052567 0.365305
vt 0.058602 0.393276
vt 0.068069 0.365337
vt 0.079069 0.393329
vt 0.089449 0.365485
vt 0.097212 0.393304
vt 0.102105 0.365562
vt 0.002867 0.337361
vt 0.007816 0.365184
vt 0.007733 0.337342
vt 0.026067 0.337327
vt 0.037198 0.337280
vt 0.046335 0.365289
vt 0.052593 0.337330
vt 0.058727 0.365357
vt 0.068057 0.337431
vt 0.079200 0.365445
vt 0.089690 0.337631
vt 0.097251 0.365537
vt 0.102361 0.337757
vt 0.002742 0.309388
vt 0.015435 0.309319
vt 0.015549 0.337335
vt 0.025793 0.309295
vt 0.037127 0.309288
vt 0.046464 0.337307
vt 0.052797 0.309291
vt 0.058801 0.337390
vt 0.068371 0.309430
vt 0.079185 0.337558
vt 0.079563 0.309561
vt 0.089894 0.309645
vt 0.097505 0.337709
vt 0.102676 0.309793
vt 0.002417 0.281158
vt 0.007645 0.309352
vt 0.015340 0.281103
vt 0.025925 0.281072
vt 0.037122 0.281111
vt 0.046619 0.309306
vt 0.052837 0.281162
vt 0.058984 0.309341
vt 0.068480 0.281278
vt 0.079688 0.281385
vt 0.090154 0.281491
vt 0.097771 0.309737
vt 0.103063 0.281604
vt 0.002455 0.252770
vt 0.007348 0.281133
vt 0.007399 0.252771
vt 0.025781 0.252790
vt 0.037064 0.252858
vt 0.046557 0.281161
vt 0.052709 0.252929
vt 0.059047 0.281201
vt 0.068550 0.252997
vt 0.079843 0.253096
vt 0.098267 0.253237
vt 0.098147 0.281558
vt 0.103226 0.253268
vt 0.007417 0.224455
vt 0.015350 0.252788
vt 0.015347 0.224485
vt 0.037106 0.224543
vt 0.046544 0.252920
vt 0.052857 0.224614
vt 0.058951 0.252973
vt 0.068465 0.224689
vt 0.079897 0.224719
vt 0.090405 0.253194
vt 0.098494 0.224813
vt 0.002469 0.224445
vt 0.007496 0.196131
vt 0.015437 0.196172
vt 0.025996 0.224510
vt 0.037257 0.196240
vt 0.046605 0.224630
vt 0.052942 0.196299
vt 0.059117 0.224664
vt 0.068649 0.196400
vt 0.079939 0.196336
vt 0.090446 0.224793
vt 0.098455 0.196346
vt 0.103455 0.224825
vt 0.002564 0.196116
vt 0.007587 0.167815
vt 0.015489 0.167867
vt 0.025853 0.196204
vt 0.026098 0.167917
vt 0.037310 0.168011
vt 0.046707 0.196321
vt 0.046740 0.168084
vt 0.059198 0.168084
vt 0.059183 0.196339
vt 0.079887 0.168036
vt 0.090494 0.196374
vt 0.098323 0.167989
vt 0.103412 0.196329
vt 0.002649 0.167786
vt 0.007842 0.139602
vt 0.026137 0.139769
vt 0.037351 0.139878
vt 0.052924 0.139891
vt 0.052966 0.168052
vt 0.059197 0.139880
vt 0.068652 0.168127
vt 0.079739 0.139847
vt 0.090403 0.168043
vt 0.098091 0.139763
vt 0.103258 0.167955
vt 0.003144 0.111442
vt 0.002937 0.139561
vt 0.015939 0.111606
vt 0.015642 0.139660
vt 0.026296 0.111745
vt 0.046805 0.111895
vt 0.046647 0.139891
vt 0.059003 0.111905
vt 0.068646 0.139908
vt 0.079502 0.111777
vt 0.090268 0.139824
vt 0.097934 0.111514
vt 0.103020 0.139724
vt 0.003752 0.083485
vt 0.008028 0.111506
vt 0.008611 0.083602
vt 0.026509 0.083963
vt 0.037495 0.084167
vt 0.037374 0.111870
vt 0.046698 0.084271
vt 0.052942 0.111922
vt 0.058851 0.084266
vt 0.068306 0.111898
vt 0.068181 0.084160
vt 0.079214 0.083905
vt 0.089996 0.111638
vt 0.097188 0.083456
vt 0.102057 0.083304
vt 0.102845 0.111430
vt 0.004556 0.055684
vt 0.017102 0.056263
vt 0.016314 0.083775
vt 0.027274 0.056669
vt 0.037941 0.057013
vt 0.046880 0.057182
vt 0.052740 0.084300
vt 0.058642 0.057149
vt 0.067607 0.056932
vt 0.078313 0.056531
vt 0.089456 0.083670
vt 0.088529 0.056071
vt 0.101055 0.055438
vt 0.006455 0.028151
vt 0.009366 0.055910
vt 0.011217 0.028627
vt 0.028485 0.030260
vt 0.047117 0.031188
vt 0.052758 0.057222
vt 0.058213 0.031133
vt 0.076905 0.030019
vt 0.094261 0.028268
vt 0.096224 0.055691
vt 0.099060 0.027754
vt 0.014808 0.001615
vt 0.018685 0.029349
vt 0.031220 0.005127
vt 0.040364 0.006853
vt 0.038668 0.030917
vt 0.047703 0.007872
vt 0.052521 0.008168
vt 0.052663 0.031205
vt 0.057336 0.007806
vt 0.066680 0.030778
vt 0.064669 0.006676
vt 0.073811 0.004801
vt 0.086682 0.029072
vt 0.082978 0.002678
vt 0.090354 0.000982
vt 0.007508 0.999925
vt 0.008569 0.970251
vt 0.012545 0.998995
vt 0.016535 0.969450
vt 0.020325 0.997261
vt 0.030014 0.995083
vt 0.026802 0.968509
vt 0.039703 0.993141
vt 0.046577 0.967430
vt 0.047466 0.991952
vt 0.052405 0.967297
vt 0.052486 0.991633
vt 0.057603 0.991951
vt 0.058208 0.967317
vt 0.065309 0.992906
vt 0.067102 0.967692
vt 0.074941 0.994771
vt 0.088148 0.969154
vt 0.084608 0.996872
vt 0.096085 0.969870
vt 0.092374 0.998542
vt 0.097402 0.999429
vt 0.001700 0.941664
vt 0.003537 0.970756
vt 0.014762 0.941052
vt 0.025509 0.940594
vt 0.037615 0.967763
vt 0.036635 0.940263
vt 0.052236 0.940060
vt 0.058482 0.940072
vt 0.079052 0.940492
vt 0.077859 0.968322
vt 0.097594 0.941132
vt 0.101125 0.970320
vt 0.000714 0.912499
vt 0.006766 0.941417
vt 0.013964 0.912175
vt 0.024755 0.912011
vt 0.036236 0.911781
vt 0.046062 0.940148
vt 0.052239 0.911730
vt 0.058548 0.911697
vt 0.067912 0.940245
vt 0.068134 0.911800
vt 0.079544 0.911976
vt 0.089544 0.940836
vt 0.098313 0.912312
vt 0.102619 0.941326
vt 0.000218 0.883155
vt 0.005808 0.912371
vt 0.013607 0.883024
vt 0.036177 0.882909
vt 0.045846 0.911759
vt 0.045762 0.882876
vt 0.058497 0.882901
vt 0.068230 0.882988
vt 0.090614 0.883267
vt 0.090234 0.912180
vt 0.098654 0.883354
vt 0.103732 0.883417
vt 0.103357 0.912410
vt 0.000159 0.853818
vt 0.005328 0.883104
vt 0.013380 0.853778
vt 0.024449 0.882985
vt 0.035902 0.853849
vt 0.045761 0.853847
vt 0.052085 0.853857
vt 0.052175 0.882901
vt 0.058486 0.853902
vt 0.080029 0.854013
vt 0.079802 0.883121
vt 0.090870 0.854138
vt 0.099044 0.854222
vt 0.000075 0.824534
vt 0.005270 0.853802
vt 0.013397 0.824508
vt 0.024272 0.853804
vt 0.024285 0.824550
vt 0.035951 0.824616
vt 0.052249 0.824657
vt 0.058736 0.824703
vt 0.068321 0.853943
vt 0.080049 0.824757
vt 0.090997 0.824859
vt 0.104377 0.824945
vt 0.104130 0.854276
vt 0.000075 0.795175
vt 0.005187 0.824525
vt 0.013507 0.795213
vt 0.024257 0.795241
vt 0.035906 0.795325
vt 0.045777 0.824687
vt 0.052189 0.795390
vt 0.068467 0.795422
vt 0.068478 0.824723
vt 0.080194 0.795416
vt 0.091080 0.795450
vt 0.099238 0.824914
vt 0.104539 0.795433
vt 0.005344 0.765895
vt 0.005198 0.795190
vt 0.024481 0.765988
vt 0.036085 0.766083
vt 0.045678 0.795388
vt 0.052197 0.766135
vt 0.058615 0.795424
vt 0.068455 0.766135
vt 0.079966 0.766118
vt 0.099196 0.766021
vt 0.099404 0.795442
vt 0.000254 0.765857
vt 0.005592 0.736806
vt 0.013515 0.765946
vt 0.013658 0.736835
vt 0.024389 0.736862
vt 0.045790 0.736912
vt 0.045730 0.766093
vt 0.058654 0.736917
vt 0.058746 0.766136
vt 0.080138 0.736943
vt 0.090870 0.736914
vt 0.090995 0.766078
vt 0.098931 0.736882
vt 0.104303 0.765977
vt 0.000527 0.736787
vt 0.036022 0.736958
vt 0.052223 0.736952
vt 0.068397 0.736970
vt 0.103998 0.736856
vt 0.010125 0.000762
vt 0.022108 0.003222
vt 0.095085 0.000075
s 1
usemtl マテリアル
f 478/1/478 17/2/17 6/3/6
f 476/4/476 9/5/9 10/6/10
f 479/7/479 17/2/17 18/8/18
f 476/4/476 11/9/11 2/10/2
f 479/7/479 19/11/19 480/12/480
f 477/13/477 11/9/11 12/14/12
f 480/12/480 20/15/20 481/16/481
f 3/17/3 12/14/12 13/18/13
f 481/16/481 21/19/21 482/20/482
f 3/17/3 14/21/14 4/22/4
f 474/23/474 82/24/82 7/25/7
f 308/26/308 482/20/482 21/19/21
f 4/22/4 15/27/15 5/28/5
f 475/29/475 7/25/7 8/30/8
f 5/28/5 16/31/16 478/1/478
f 1/32/1 8/30/8 9/5/9
f 15/27/15 31/33/31 16/31/16
f 8/30/8 24/34/24 9/5/9
f 17/2/17 31/33/31 32/35/32
f 9/5/9 25/36/25 10/6/10
f 18/8/18 32/35/32 33/37/33
f 10/6/10 26/38/26 11/9/11
f 19/11/19 33/37/33 34/39/34
f 11/9/11 27/40/27 12/14/12
f 20/15/20 34/39/34 35/41/35
f 13/18/13 27/40/27 28/42/28
f 20/15/20 36/43/36 21/19/21
f 13/18/13 29/44/29 14/21/14
f 7/25/7 82/45/82 22/46/22
f 308/47/308 21/19/21 36/43/36
f 14/21/14 30/48/30 15/27/15
f 7/25/7 23/49/23 8/30/8
f 35/41/35 49/50/49 50/51/50
f 28/42/28 42/52/42 43/53/43
f 36/43/36 50/51/50 51/54/51
f 29/44/29 43/53/43 44/55/44
f 22/46/22 82/56/82 37/57/37
f 308/58/308 36/43/36 51/54/51
f 29/44/29 45/59/45 30/48/30
f 22/46/22 38/60/38 23/49/23
f 30/48/30 46/61/46 31/33/31
f 23/49/23 39/62/39 24/34/24
f 32/35/32 46/61/46 47/63/47
f 24/34/24 40/64/40 25/36/25
f 33/37/33 47/63/47 48/65/48
f 25/36/25 41/66/41 26/38/26
f 34/39/34 48/65/48 49/50/49
f 26/38/26 42/52/42 27/40/27
f 38/60/38 54/67/54 39/62/39
f 47/63/47 61/68/61 62/69/62
f 39/62/39 55/70/55 40/64/40
f 47/63/47 63/71/63 48/65/48
f 41/66/41 55/70/55 56/72/56
f 49/50/49 63/71/63 64/73/64
f 41/66/41 57/74/57 42/52/42
f 50/51/50 64/73/64 65/75/65
f 43/53/43 57/74/57 58/76/58
f 51/54/51 65/75/65 66/77/66
f 44/55/44 58/76/58 59/78/59
f 37/57/37 82/79/82 52/80/52
f 308/81/308 51/54/51 66/77/66
f 44/55/44 60/82/60 45/59/45
f 37/57/37 53/83/53 38/60/38
f 45/59/45 61/68/61 46/61/46
f 58/76/58 72/84/72 73/85/73
f 65/75/65 81/86/81 66/77/66
f 59/78/59 73/85/73 74/87/74
f 52/80/52 82/88/82 67/89/67
f 308/90/308 66/77/66 81/86/81
f 59/78/59 75/91/75 60/82/60
f 53/83/53 67/89/67 68/92/68
f 60/82/60 76/93/76 61/68/61
f 54/67/54 68/92/68 69/94/69
f 62/69/62 76/93/76 77/95/77
f 54/67/54 70/96/70 55/70/55
f 62/69/62 78/97/78 63/71/63
f 56/72/56 70/96/70 71/98/71
f 64/73/64 78/97/78 79/99/79
f 56/72/56 72/84/72 57/74/57
f 64/73/64 80/100/80 65/75/65
f 77/95/77 92/101/92 93/102/93
f 69/94/69 86/103/86 70/96/70
f 77/95/77 94/104/94 78/97/78
f 71/98/71 86/103/86 87/105/87
f 79/99/79 94/104/94 95/106/95
f 71/98/71 88/107/88 72/84/72
f 80/100/80 95/106/95 96/108/96
f 73/85/73 88/107/88 89/109/89
f 81/86/81 96/108/96 97/110/97
f 74/87/74 89/109/89 90/111/90
f 67/89/67 82/112/82 83/113/83
f 308/114/308 81/86/81 97/110/97
f 74/87/74 91/115/91 75/91/75
f 67/89/67 84/116/84 68/92/68
f 75/91/75 92/101/92 76/93/76
f 68/92/68 85/117/85 69/94/69
f 96/108/96 112/118/112 97/110/97
f 90/111/90 104/119/104 105/120/105
f 83/113/83 82/121/82 98/122/98
f 308/123/308 97/110/97 112/118/112
f 90/111/90 106/124/106 91/115/91
f 83/113/83 99/125/99 84/116/84
f 91/115/91 107/126/107 92/101/92
f 85/117/85 99/125/99 100/127/100
f 93/102/93 107/126/107 108/128/108
f 85/117/85 101/129/101 86/103/86
f 93/102/93 109/130/109 94/104/94
f 87/105/87 101/129/101 102/131/102
f 95/106/95 109/130/109 110/132/110
f 87/105/87 103/133/103 88/107/88
f 95/106/95 111/134/111 96/108/96
f 89/109/89 103/133/103 104/119/104
f 100/127/100 116/135/116 101/129/101
f 108/128/108 124/136/124 109/130/109
f 102/131/102 116/135/116 117/137/117
f 110/132/110 124/136/124 125/138/125
f 102/131/102 118/139/118 103/133/103
f 111/134/111 125/138/125 126/140/126
f 104/119/104 118/139/118 119/141/119
f 111/134/111 127/142/127 112/118/112
f 105/120/105 119/141/119 120/143/120
f 98/122/98 82/144/82 113/145/113
f 308/146/308 112/118/112 127/142/127
f 105/120/105 121/147/121 106/124/106
f 98/122/98 114/148/114 99/125/99
f 106/124/106 122/149/122 107/126/107
f 99/125/99 115/150/115 100/127/100
f 108/128/108 122/149/122 123/151/123
f 120/143/120 134/152/134 135/153/135
f 113/145/113 82/154/82 128/155/128
f 308/156/308 127/142/127 142/157/142
f 120/143/120 136/158/136 121/147/121
f 114/148/114 128/155/128 129/159/129
f 121/147/121 137/160/137 122/149/122
f 115/150/115 129/159/129 130/161/130
f 123/151/123 137/160/137 138/162/138
f 115/150/115 131/163/131 116/135/116
f 123/151/123 139/164/139 124/136/124
f 117/137/117 131/163/131 132/165/132
f 125/138/125 139/164/139 140/166/140
f 117/137/117 133/167/133 118/139/118
f 125/138/125 141/168/141 126/140/126
f 119/141/119 133/167/133 134/152/134
f 126/140/126 142/157/142 127/142/127
f 138/162/138 154/169/154 139/164/139
f 132/165/132 146/170/146 147/171/147
f 140/166/140 154/169/154 155/172/155
f 132/165/132 148/173/148 133/167/133
f 141/168/141 155/172/155 156/174/156
f 134/152/134 148/173/148 149/175/149
f 141/168/141 157/176/157 142/157/142
f 135/153/135 149/175/149 150/177/150
f 128/155/128 82/178/82 143/179/143
f 308/180/308 142/157/142 157/176/157
f 135/153/135 151/181/151 136/158/136
f 128/155/128 144/182/144 129/159/129
f 136/158/136 152/183/152 137/160/137
f 129/159/129 145/184/145 130/161/130
f 138/162/138 152/183/152 153/185/153
f 130/161/130 146/170/146 131/163/131
f 308/186/308 157/176/157 172/187/172
f 150/177/150 166/188/166 151/181/151
f 143/179/143 159/189/159 144/182/144
f 151/181/151 167/190/167 152/183/152
f 144/182/144 160/191/160 145/184/145
f 153/185/153 167/190/167 168/192/168
f 145/184/145 161/193/161 146/170/146
f 153/185/153 169/194/169 154/169/154
f 147/171/147 161/193/161 162/195/162
f 155/172/155 169/194/169 170/196/170
f 147/171/147 163/197/163 148/173/148
f 156/174/156 170/196/170 171/198/171
f 149/175/149 163/197/163 164/199/164
f 157/176/157 171/198/171 172/187/172
f 150/177/150 164/199/164 165/200/165
f 143/179/143 82/201/82 158/202/158
f 170/196/170 184/203/184 185/204/185
f 162/195/162 178/205/178 163/197/163
f 171/198/171 185/204/185 186/206/186
f 164/199/164 178/205/178 179/207/179
f 172/187/172 186/206/186 187/208/187
f 165/200/165 179/207/179 180/209/180
f 158/202/158 82/210/82 173/211/173
f 308/212/308 172/187/172 187/208/187
f 165/200/165 181/213/181 166/188/166
f 158/202/158 174/214/174 159/189/159
f 166/188/166 182/215/182 167/190/167
f 159/189/159 175/216/175 160/191/160
f 168/192/168 182/215/182 183/217/183
f 160/191/160 176/218/176 161/193/161
f 168/192/168 184/203/184 169/194/169
f 162/195/162 176/218/176 177/219/177
f 174/214/174 188/220/188 189/221/189
f 181/213/181 197/222/197 182/215/182
f 175/216/175 189/221/189 190/223/190
f 183/217/183 197/222/197 198/224/198
f 175/216/175 191/225/191 176/218/176
f 183/217/183 199/226/199 184/203/184
f 177/219/177 191/225/191 192/227/192
f 185/204/185 199/226/199 200/228/200
f 177/219/177 193/229/193 178/205/178
f 185/204/185 201/230/201 186/206/186
f 179/207/179 193/229/193 194/231/194
f 186/206/186 202/232/202 187/208/187
f 180/209/180 194/231/194 195/233/195
f 173/211/173 82/234/82 188/220/188
f 308/235/308 187/208/187 202/232/202
f 180/209/180 196/236/196 181/213/181
f 192/227/192 208/237/208 193/229/193
f 201/230/201 215/238/215 216/239/216
f 194/231/194 208/237/208 209/240/209
f 202/232/202 216/239/216 217/241/217
f 195/233/195 209/240/209 210/242/210
f 188/220/188 82/243/82 203/244/203
f 308/245/308 202/232/202 217/241/217
f 195/233/195 211/246/211 196/236/196
f 188/220/188 204/247/204 189/221/189
f 196/236/196 212/248/212 197/222/197
f 189/221/189 205/249/205 190/223/190
f 198/224/198 212/248/212 213/250/213
f 190/223/190 206/251/206 191/225/191
f 198/224/198 214/252/214 199/226/199
f 192/227/192 206/251/206 207/253/207
f 200/228/200 214/252/214 215/238/215
f 211/246/211 227/254/227 212/248/212
f 204/247/204 220/255/220 205/249/205
f 213/250/213 227/254/227 228/256/228
f 205/249/205 221/257/221 206/251/206
f 213/250/213 229/258/229 214/252/214
f 207/253/207 221/257/221 222/259/222
f 215/238/215 229/258/229 230/260/230
f 207/253/207 223/261/223 208/237/208
f 216/239/216 230/260/230 231/262/231
f 209/240/209 223/261/223 224/263/224
f 217/241/217 231/262/231 232/264/232
f 210/242/210 224/263/224 225/265/225
f 203/244/203 82/266/82 218/267/218
f 308/268/308 217/241/217 232/264/232
f 210/242/210 226/269/226 211/246/211
f 203/244/203 219/270/219 204/247/204
f 231/262/231 245/271/245 246/272/246
f 224/263/224 238/273/238 239/274/239
f 231/262/231 247/275/247 232/264/232
f 225/265/225 239/274/239 240/276/240
f 218/267/218 82/277/82 233/278/233
f 308/279/308 232/264/232 247/275/247
f 225/265/225 241/280/241 226/269/226
f 219/270/219 233/278/233 234/281/234
f 226/269/226 242/282/242 227/254/227
f 219/270/219 235/283/235 220/255/220
f 228/256/228 242/282/242 243/284/243
f 220/255/220 236/285/236 221/257/221
f 228/256/228 244/286/244 229/258/229
f 222/259/222 236/285/236 237/287/237
f 230/260/230 244/286/244 245/271/245
f 222/259/222 238/273/238 223/261/223
f 235/283/235 249/288/249 250/289/250
f 243/284/243 257/290/257 258/291/258
f 235/283/235 251/292/251 236/285/236
f 243/284/243 259/293/259 244/286/244
f 237/287/237 251/292/251 252/294/252
f 245/271/245 259/293/259 260/295/260
f 237/287/237 253/296/253 238/273/238
f 245/271/245 261/297/261 246/272/246
f 239/274/239 253/296/253 254/298/254
f 246/272/246 262/299/262 247/275/247
f 240/276/240 254/298/254 255/300/255
f 233/278/233 82/301/82 248/302/248
f 308/303/308 247/275/247 262/299/262
f 240/276/240 256/304/256 241/280/241
f 234/281/234 248/302/248 249/288/249
f 241/280/241 257/290/257 242/282/242
f 254/298/254 268/305/268 269/306/269
f 261/297/261 277/307/277 262/299/262
f 255/300/255 269/306/269 270/308/270
f 248/302/248 82/309/82 263/310/263
f 308/311/308 262/299/262 277/307/277
f 255/300/255 271/312/271 256/304/256
f 249/288/249 263/310/263 264/313/264
f 256/304/256 272/314/272 257/290/257
f 249/288/249 265/315/265 250/289/250
f 258/291/258 272/314/272 273/316/273
f 250/289/250 266/317/266 251/292/251
f 258/291/258 274/318/274 259/293/259
f 252/294/252 266/317/266 267/319/267
f 260/295/260 274/318/274 275/320/275
f 252/294/252 268/305/268 253/296/253
f 261/297/261 275/320/275 276/321/276
f 273/316/273 287/322/287 288/323/288
f 265/315/265 281/324/281 266/317/266
f 273/316/273 289/325/289 274/318/274
f 267/319/267 281/324/281 282/326/282
f 275/320/275 289/325/289 290/327/290
f 267/319/267 283/328/283 268/305/268
f 275/320/275 291/329/291 276/321/276
f 269/306/269 283/328/283 284/330/284
f 276/321/276 292/331/292 277/307/277
f 270/308/270 284/330/284 285/332/285
f 263/310/263 82/333/82 278/334/278
f 308/335/308 277/307/277 292/331/292
f 270/308/270 286/336/286 271/312/271
f 263/310/263 279/337/279 264/313/264
f 271/312/271 287/322/287 272/314/272
f 264/313/264 280/338/280 265/315/265
f 292/331/292 306/339/306 307/340/307
f 285/332/285 299/341/299 300/342/300
f 278/334/278 82/343/82 293/344/293
f 308/345/308 292/331/292 307/340/307
f 285/332/285 301/346/301 286/336/286
f 278/334/278 294/347/294 279/337/279
f 286/336/286 302/348/302 287/322/287
f 280/338/280 294/347/294 295/349/295
f 288/323/288 302/348/302 303/350/303
f 280/338/280 296/351/296 281/324/281
f 288/323/288 304/352/304 289/325/289
f 282/326/282 296/351/296 297/353/297
f 290/327/290 304/352/304 305/354/305
f 282/326/282 298/355/298 283/328/283
f 290/327/290 306/339/306 291/329/291
f 284/330/284 298/355/298 299/341/299
f 303/350/303 320/356/320 304/352/304
f 297/353/297 312/357/312 313/358/313
f 305/354/305 320/356/320 321/359/321
f 297/353/297 314/360/314 298/355/298
f 305/354/305 322/361/322 306/339/306
f 299/341/299 314/360/314 315/362/315
f 306/339/306 323/363/323 307/340/307
f 300/342/300 315/362/315 316/364/316
f 293/344/293 82/365/82 309/366/309
f 308/367/308 307/340/307 323/363/323
f 300/342/300 317/368/317 301/346/301
f 294/347/294 309/366/309 310/369/310
f 301/346/301 318/370/318 302/348/302
f 295/349/295 310/369/310 311/371/311
f 303/350/303 318/370/318 319/372/319
f 295/349/295 312/357/312 296/351/296
f 309/366/309 82/373/82 324/374/324
f 308/375/308 323/363/323 338/376/338
f 316/364/316 332/377/332 317/368/317
f 309/366/309 325/378/325 310/369/310
f 317/368/317 333/379/333 318/370/318
f 310/369/310 326/380/326 311/371/311
f 319/372/319 333/379/333 334/381/334
f 311/371/311 327/382/327 312/357/312
f 319/372/319 335/383/335 320/356/320
f 313/358/313 327/382/327 328/384/328
f 321/359/321 335/383/335 336/385/336
f 313/358/313 329/386/329 314/360/314
f 321/359/321 337/387/337 322/361/322
f 315/362/315 329/386/329 330/388/330
f 323/363/323 337/387/337 338/376/338
f 316/364/316 330/388/330 331/389/331
f 328/384/328 342/390/342 343/391/343
f 336/385/336 350/392/350 351/393/351
f 328/384/328 344/394/344 329/386/329
f 336/385/336 352/395/352 337/387/337
f 330/388/330 344/394/344 345/396/345
f 338/376/338 352/395/352 353/397/353
f 331/389/331 345/396/345 346/398/346
f 324/374/324 82/399/82 339/400/339
f 308/401/308 338/376/338 353/397/353
f 331/389/331 347/402/347 332/377/332
f 324/374/324 340/403/340 325/378/325
f 332/377/332 348/404/348 333/379/333
f 326/380/326 340/403/340 341/405/341
f 334/381/334 348/404/348 349/406/349
f 326/380/326 342/390/342 327/382/327
f 334/381/334 350/392/350 335/383/335
f 346/398/346 362/407/362 347/402/347
f 339/400/339 355/408/355 340/403/340
f 347/402/347 363/409/363 348/404/348
f 341/405/341 355/408/355 356/410/356
f 349/406/349 363/409/363 364/411/364
f 341/405/341 357/412/357 342/390/342
f 349/406/349 365/413/365 350/392/350
f 343/391/343 357/412/357 358/414/358
f 351/393/351 365/413/365 366/415/366
f 343/391/343 359/416/359 344/394/344
f 351/393/351 367/417/367 352/395/352
f 345/396/345 359/416/359 360/418/360
f 353/397/353 367/417/367 368/419/368
f 346/398/346 360/418/360 361/420/361
f 339/400/339 82/421/82 354/422/354
f 308/423/308 353/397/353 368/419/368
f 366/424/366 380/425/380 381/426/381
f 358/427/358 374/428/374 359/429/359
f 366/424/366 382/430/382 367/431/367
f 360/432/360 374/428/374 375/433/375
f 367/431/367 383/434/383 368/435/368
f 361/436/361 375/433/375 376/437/376
f 354/438/354 82/439/82 369/440/369
f 308/441/308 368/435/368 383/434/383
f 361/436/361 377/442/377 362/443/362
f 355/444/355 369/440/369 370/445/370
f 362/443/362 378/446/378 363/447/363
f 356/448/356 370/445/370 371/449/371
f 364/450/364 378/446/378 379/451/379
f 356/448/356 372/452/372 357/453/357
f 364/450/364 380/425/380 365/454/365
f 358/427/358 372/452/372 373/455/373
f 370/445/370 384/456/384 385/457/385
f 377/442/377 393/458/393 378/446/378
f 371/449/371 385/457/385 386/459/386
f 379/451/379 393/458/393 394/460/394
f 371/449/371 387/461/387 372/452/372
f 379/451/379 395/462/395 380/425/380
f 373/455/373 387/461/387 388/463/388
f 381/426/381 395/462/395 396/464/396
f 373/455/373 389/465/389 374/428/374
f 381/426/381 397/466/397 382/430/382
f 375/433/375 389/465/389 390/467/390
f 382/430/382 398/468/398 383/434/383
f 376/437/376 390/467/390 391/469/391
f 369/440/369 82/470/82 384/456/384
f 308/471/308 383/434/383 398/468/398
f 376/437/376 392/472/392 377/442/377
f 388/463/388 404/473/404 389/465/389
f 396/464/396 412/474/412 397/466/397
f 390/467/390 404/473/404 405/475/405
f 398/468/398 412/474/412 413/476/413
f 391/469/391 405/475/405 406/477/406
f 384/456/384 82/478/82 399/479/399
f 308/480/308 398/468/398 413/476/413
f 391/469/391 407/481/407 392/472/392
f 384/456/384 400/482/400 385/457/385
f 392/472/392 408/483/408 393/458/393
f 386/459/386 400/482/400 401/484/401
f 394/460/394 408/483/408 409/485/409
f 386/459/386 402/486/402 387/461/387
f 394/460/394 410/487/410 395/462/395
f 388/463/388 402/486/402 403/488/403
f 396/464/396 410/487/410 411/489/411
f 407/481/407 423/490/423 408/483/408
f 401/484/401 415/491/415 416/492/416
f 409/485/409 423/490/423 424/493/424
f 401/484/401 417/494/417 402/486/402
f 409/485/409 425/495/425 410/487/410
f 403/488/403 417/494/417 418/496/418
f 411/489/411 425/495/425 426/497/426
f 403/488/403 419/498/419 404/473/404
f 411/489/411 427/499/427 412/474/412
f 405/475/405 419/498/419 420/500/420
f 412/474/412 428/501/428 413/476/413
f 406/477/406 420/500/420 421/502/421
f 399/479/399 82/503/82 414/504/414
f 308/505/308 413/476/413 428/501/428
f 406/477/406 422/506/422 407/481/407
f 399/479/399 415/491/415 400/482/400
f 426/497/426 442/507/442 427/499/427
f 420/500/420 434/508/434 435/509/435
f 428/501/428 442/507/442 443/510/443
f 421/502/421 435/509/435 436/511/436
f 414/504/414 82/512/82 429/513/429
f 308/514/308 428/501/428 443/510/443
f 421/502/421 437/515/437 422/506/422
f 414/504/414 430/516/430 415/491/415
f 422/506/422 438/517/438 423/490/423
f 416/492/416 430/516/430 431/518/431
f 424/493/424 438/517/438 439/519/439
f 416/492/416 432/520/432 417/494/417
f 424/493/424 440/521/440 425/495/425
f 418/496/418 432/520/432 433/522/433
f 426/497/426 440/521/440 441/523/441
f 418/496/418 434/508/434 419/498/419
f 439/519/439 453/524/453 454/525/454
f 431/518/431 447/526/447 432/520/432
f 439/519/439 455/527/455 440/521/440
f 433/522/433 447/526/447 448/528/448
f 441/523/441 455/527/455 456/529/456
f 433/522/433 449/530/449 434/508/434
f 441/523/441 457/531/457 442/507/442
f 435/509/435 449/530/449 450/532/450
f 442/507/442 458/533/458 443/510/443
f 436/511/436 450/532/450 451/534/451
f 429/513/429 82/535/82 444/536/444
f 308/537/308 443/510/443 458/533/458
f 436/511/436 452/538/452 437/515/437
f 430/516/430 444/536/444 445/539/445
f 437/515/437 453/524/453 438/517/438
f 431/518/431 445/539/445 446/540/446
f 458/533/458 472/541/472 473/542/473
f 451/534/451 465/543/465 466/544/466
f 444/536/444 82/545/82 459/546/459
f 308/547/308 458/533/458 473/542/473
f 451/534/451 467/548/467 452/538/452
f 444/536/444 460/549/460 445/539/445
f 452/538/452 468/550/468 453/524/453
f 446/540/446 460/549/460 461/551/461
f 454/525/454 468/550/468 469/552/469
f 446/540/446 462/553/462 447/526/447
f 454/525/454 470/554/470 455/527/455
f 448/528/448 462/553/462 463/555/463
f 456/529/456 470/554/470 471/556/471
f 448/528/448 464/557/464 449/530/449
f 456/529/456 472/541/472 457/531/457
f 450/532/450 464/557/464 465/543/465
f 462/553/462 1/32/1 476/4/476
f 469/552/469 479/7/479 470/554/470
f 463/555/463 476/4/476 2/10/2
f 471/556/471 479/7/479 480/12/480
f 464/557/464 2/10/2 477/13/477
f 471/556/471 481/16/481 472/541/472
f 465/543/465 477/13/477 3/17/3
f 472/541/472 482/20/482 473/542/473
f 466/544/466 3/17/3 4/22/4
f 459/546/459 82/558/82 474/23/474
f 308/559/308 473/542/473 482/20/482
f 466/544/466 5/28/5 467/548/467
f 459/546/459 475/29/475 460/549/460
f 467/548/467 478/1/478 468/550/468
f 461/551/461 475/29/475 1/32/1
f 468/550/468 6/3/6 469/552/469
f 483/560/483 496/561/496 484/562/484
f 484/562/484 497/563/497 485/564/485
f 485/564/485 498/565/498 486/566/486
f 498/565/498 487/567/487 486/566/486
f 499/568/499 488/569/488 487/567/487
f 488/569/488 501/570/501 489/571/489
f 501/570/501 490/572/490 489/571/489
f 490/572/490 503/573/503 491/574/491
f 491/574/491 504/575/504 492/576/492
f 504/575/504 493/577/493 492/576/492
f 505/578/505 494/579/494 493/577/493
f 494/579/494 495/580/495 483/581/483
f 495/582/495 508/583/508 496/561/496
f 508/583/508 497/563/497 496/561/496
f 509/584/509 498/565/498 497/563/497
f 498/565/498 511/585/511 499/568/499
f 499/568/499 512/586/512 500/587/500
f 500/587/500 513/588/513 501/570/501
f 513/588/513 502/589/502 501/570/501
f 502/589/502 515/590/515 503/573/503
f 503/573/503 516/591/516 504/575/504
f 504/575/504 517/592/517 505/578/505
f 517/592/517 506/593/506 505/578/505
f 518/594/518 495/580/495 506/593/506
f 519/595/519 508/583/508 507/596/507
f 508/583/508 521/597/521 509/584/509
f 521/597/521 510/598/510 509/584/509
f 510/598/510 523/599/523 511/585/511
f 511/585/511 524/600/524 512/586/512
f 524/600/524 513/588/513 512/586/512
f 513/588/513 526/601/526 514/602/514
f 514/602/514 527/603/527 515/590/515
f 527/603/527 516/591/516 515/590/515
f 516/591/516 529/604/529 517/592/517
f 529/604/529 518/594/518 517/592/517
f 518/594/518 519/605/519 507/606/507
f 519/595/519 532/607/532 520/608/520
f 532/607/532 521/597/521 520/608/520
f 521/597/521 534/609/534 522/610/522
f 522/610/522 535/611/535 523/599/523
f 523/599/523 536/612/536 524/600/524
f 536/612/536 525/613/525 524/600/524
f 537/614/537 526/601/526 525/613/525
f 526/601/526 539/615/539 527/603/527
f 539/615/539 528/616/528 527/603/527
f 540/617/540 529/604/529 528/616/528
f 529/604/529 542/618/542 530/619/530
f 530/619/530 531/620/531 519/605/519
f 531/621/531 544/622/544 532/607/532
f 544/622/544 533/623/533 532/607/532
f 545/624/545 534/609/534 533/623/533
f 534/609/534 547/625/547 535/611/535
f 547/625/547 536/612/536 535/611/535
f 536/612/536 549/626/549 537/614/537
f 549/626/549 538/627/538 537/614/537
f 538/627/538 551/628/551 539/615/539
f 551/628/551 540/617/540 539/615/539
f 552/629/552 541/630/541 540/617/540
f 541/630/541 554/631/554 542/618/542
f 554/631/554 531/620/531 542/618/542
f 543/632/543 556/633/556 544/622/544
f 556/633/556 545/624/545 544/622/544
f 545/624/545 558/634/558 546/635/546
f 546/635/546 559/636/559 547/625/547
f 559/636/559 548/637/548 547/625/547
f 548/637/548 561/638/561 549/626/549
f 561/638/561 550/639/550 549/626/549
f 550/639/550 563/640/563 551/628/551
f 563/640/563 552/629/552 551/628/551
f 564/641/564 553/642/553 552/629/552
f 553/642/553 566/643/566 554/631/554
f 566/643/566 543/644/543 554/631/554
f 555/645/555 568/646/568 556/633/556
f 556/633/556 569/647/569 557/648/557
f 557/648/557 570/649/570 558/634/558
f 558/634/558 571/650/571 559/636/559
f 559/636/559 572/651/572 560/652/560
f 560/652/560 573/653/573 561/638/561
f 573/653/573 562/654/562 561/638/561
f 574/655/574 563/640/563 562/654/562
f 575/656/575 564/641/564 563/640/563
f 576/657/576 565/658/565 564/641/564
f 565/658/565 578/659/578 566/643/566
f 566/643/566 567/660/567 555/661/555
f 579/662/579 568/646/568 567/663/567
f 580/664/580 569/647/569 568/646/568
f 581/665/581 570/649/570 569/647/569
f 582/666/582 571/650/571 570/649/570
f 571/650/571 584/667/584 572/651/572
f 584/667/584 573/653/573 572/651/572
f 573/653/573 586/668/586 574/655/574
f 586/668/586 575/656/575 574/655/574
f 575/656/575 588/669/588 576/657/576
f 576/657/576 589/670/589 577/671/577
f 577/671/577 590/672/590 578/659/578
f 578/659/578 579/673/579 567/660/567
f 579/662/579 592/674/592 580/664/580
f 592/674/592 581/665/581 580/664/580
f 593/675/593 582/666/582 581/665/581
f 582/666/582 595/676/595 583/677/583
f 583/677/583 596/678/596 584/667/584
f 596/678/596 585/679/585 584/667/584
f 597/680/597 586/668/586 585/679/585
f 586/668/586 599/681/599 587/682/587
f 599/681/599 588/669/588 587/682/587
f 600/683/600 589/670/589 588/669/588
f 601/684/601 590/672/590 589/670/589
f 590/672/590 591/685/591 579/673/579
f 591/686/591 604/687/604 592/674/592
f 604/687/604 593/675/593 592/674/592
f 605/688/605 594/689/594 593/675/593
f 594/689/594 607/690/607 595/676/595
f 607/690/607 596/678/596 595/676/595
f 608/691/608 597/680/597 596/678/596
f 609/692/609 598/693/598 597/680/597
f 598/693/598 611/694/611 599/681/599
f 611/694/611 600/683/600 599/681/599
f 600/683/600 613/695/613 601/684/601
f 613/695/613 602/696/602 601/684/601
f 602/696/602 603/697/603 591/685/591
f 615/698/615 604/687/604 603/699/603
f 604/687/604 617/700/617 605/688/605
f 617/700/617 606/701/606 605/688/605
f 618/702/618 607/690/607 606/701/606
f 607/690/607 620/703/620 608/691/608
f 620/703/620 609/692/609 608/691/608
f 621/704/621 610/705/610 609/692/609
f 610/705/610 623/706/623 611/694/611
f 623/706/623 612/707/612 611/694/611
f 612/707/612 625/708/625 613/695/613
f 625/708/625 614/709/614 613/695/613
f 614/709/614 615/710/615 603/697/603
f 627/711/627 616/712/616 615/698/615
f 616/712/616 629/713/629 617/700/617
f 617/700/617 630/714/630 618/702/618
f 630/714/630 619/715/619 618/702/618
f 631/716/631 620/703/620 619/715/619
f 620/703/620 633/717/633 621/704/621
f 633/717/633 622/718/622 621/704/621
f 622/718/622 635/719/635 623/706/623
f 635/719/635 624/720/624 623/706/623
f 624/720/624 637/721/637 625/708/625
f 637/721/637 626/722/626 625/708/625
f 626/722/626 627/723/627 615/710/615
f 639/724/639 628/725/628 627/711/627
f 640/726/640 629/713/629 628/725/628
f 629/713/629 642/727/642 630/714/630
f 630/714/630 643/728/643 631/716/631
f 643/728/643 632/729/632 631/716/631
f 632/729/632 645/730/645 633/717/633
f 645/730/645 634/731/634 633/717/633
f 634/731/634 647/732/647 635/719/635
f 647/732/647 636/733/636 635/719/635
f 636/733/636 649/734/649 637/721/637
f 649/734/649 638/735/638 637/721/637
f 638/735/638 639/736/639 627/723/627
f 651/737/651 640/726/640 639/724/639
f 640/726/640 653/738/653 641/739/641
f 641/739/641 654/740/654 642/727/642
f 654/740/654 643/728/643 642/727/642
f 655/741/655 644/742/644 643/728/643
f 644/742/644 657/743/657 645/730/645
f 657/743/657 646/744/646 645/730/645
f 646/744/646 659/745/659 647/732/647
f 659/745/659 648/746/648 647/732/647
f 660/747/660 649/734/649 648/746/648
f 661/748/661 650/749/650 649/734/649
f 650/749/650 651/750/651 639/736/639
f 663/751/663 652/752/652 651/737/651
f 652/752/652 665/753/665 653/738/653
f 653/738/653 666/754/666 654/740/654
f 666/754/666 655/741/655 654/740/654
f 667/755/667 656/756/656 655/741/655
f 656/756/656 669/757/669 657/743/657
f 669/757/669 658/758/658 657/743/657
f 658/758/658 671/759/671 659/745/659
f 659/745/659 672/760/672 660/747/660
f 672/760/672 661/748/661 660/747/660
f 673/761/673 662/762/662 661/748/661
f 662/762/662 663/763/663 651/750/651
f 675/764/675 664/765/664 663/751/663
f 676/766/676 665/753/665 664/765/664
f 665/753/665 678/767/678 666/754/666
f 678/767/678 667/755/667 666/754/666
f 679/768/679 668/769/668 667/755/667
f 668/769/668 681/770/681 669/757/669
f 681/770/681 670/771/670 669/757/669
f 670/771/670 683/772/683 671/759/671
f 671/759/671 684/773/684 672/760/672
f 684/773/684 673/761/673 672/760/672
f 673/761/673 686/774/686 674/775/674
f 674/775/674 675/776/675 663/763/663
f 675/764/675 688/777/688 676/766/676
f 688/777/688 677/778/677 676/766/676
f 689/779/689 678/767/678 677/778/677
f 678/767/678 691/780/691 679/768/679
f 691/780/691 680/781/680 679/768/679
f 680/781/680 693/782/693 681/770/681
f 693/782/693 682/783/682 681/770/681
f 682/783/682 695/784/695 683/772/683
f 683/772/683 696/785/696 684/773/684
f 696/785/696 685/786/685 684/773/684
f 685/786/685 698/787/698 686/774/686
f 698/787/698 675/776/675 686/774/686
f 687/788/687 700/789/700 688/777/688
f 700/789/700 689/779/689 688/777/688
f 701/790/701 690/791/690 689/779/689
f 690/791/690 703/792/703 691/780/691
f 703/792/703 692/793/692 691/780/691
f 692/793/692 705/794/705 693/782/693
f 705/794/705 694/795/694 693/782/693
f 694/795/694 707/796/707 695/784/695
f 695/784/695 708/797/708 696/785/696
f 708/797/708 697/798/697 696/785/696
f 697/798/697 710/799/710 698/787/698
f 710/799/710 687/800/687 698/787/698
f 699/801/699 712/802/712 700/789/700
f 712/802/712 701/790/701 700/789/700
f 713/803/713 702/804/702 701/790/701
f 714/805/714 703/792/703 702/804/702
f 715/806/715 704/807/704 703/792/703
f 716/808/716 705/794/705 704/807/704
f 705/794/705 718/809/718 706/810/706
f 718/809/718 707/796/707 706/810/706
f 707/796/707 720/811/720 708/797/708
f 720/811/720 709/812/709 708/797/708
f 709/812/709 722/813/722 710/799/710
f 722/813/722 699/814/699 710/799/710
f 711/815/711 724/816/724 712/802/712
f 724/816/724 713/803/713 712/802/712
f 713/803/713 726/817/726 714/805/714
f 726/817/726 715/806/715 714/805/714
f 727/818/727 716/808/716 715/806/715
f 716/808/716 729/819/729 717/820/717
f 729/819/729 718/809/718 717/820/717
f 730/821/730 719/822/719 718/809/718
f 719/822/719 732/823/732 720/811/720
f 732/823/732 721/824/721 720/811/720
f 721/824/721 734/825/734 722/813/722
f 734/825/734 711/826/711 722/813/722
f 735/827/735 724/816/724 723/828/723
f 724/816/724 737/829/737 725/830/725
f 725/830/725 738/831/738 726/817/726
f 738/831/738 727/818/727 726/817/726
f 727/818/727 740/832/740 728/833/728
f 740/832/740 729/819/729 728/833/728
f 729/819/729 742/834/742 730/821/730
f 742/834/742 731/835/731 730/821/730
f 731/835/731 744/836/744 732/823/732
f 744/836/744 733/837/733 732/823/732
f 733/837/733 746/838/746 734/825/734
f 746/838/746 723/839/723 734/825/734
f 747/840/747 736/841/736 735/827/735
f 748/842/748 737/829/737 736/841/736
f 737/829/737 750/843/750 738/831/738
f 738/831/738 751/844/751 739/845/739
f 739/845/739 752/846/752 740/832/740
f 752/846/752 741/847/741 740/832/740
f 741/847/741 754/848/754 742/834/742
f 754/848/754 743/849/743 742/834/742
f 755/850/755 744/836/744 743/849/743
f 756/851/756 745/852/745 744/836/744
f 745/852/745 758/853/758 746/838/746
f 746/838/746 747/854/747 735/855/735
f 759/856/759 748/842/748 747/840/747
f 748/842/748 761/857/761 749/858/749
f 749/858/749 762/859/762 750/843/750
f 762/859/762 751/844/751 750/843/750
f 763/860/763 752/846/752 751/844/751
f 764/861/764 753/862/753 752/846/752
f 753/862/753 766/863/766 754/848/754
f 754/848/754 767/864/767 755/850/755
f 755/850/755 768/865/768 756/851/756
f 768/865/768 757/866/757 756/851/756
f 769/867/769 758/853/758 757/866/757
f 758/853/758 759/868/759 747/854/747
f 771/869/771 760/870/760 759/856/759
f 772/871/772 761/857/761 760/870/760
f 761/857/761 774/872/774 762/859/762
f 774/872/774 763/860/763 762/859/762
f 763/860/763 776/873/776 764/861/764
f 776/873/776 765/874/765 764/861/764
f 765/874/765 778/875/778 766/863/766
f 778/875/778 767/864/767 766/863/766
f 767/864/767 780/876/780 768/865/768
f 780/876/780 769/867/769 768/865/768
f 769/867/769 782/877/782 770/878/770
f 770/878/770 771/879/771 759/868/759
f 771/869/771 784/880/784 772/871/772
f 784/880/784 773/881/773 772/871/772
f 773/881/773 786/882/786 774/872/774
f 774/872/774 787/883/787 775/884/775
f 775/884/775 788/885/788 776/873/776
f 776/873/776 789/886/789 777/887/777
f 777/887/777 790/888/790 778/875/778
f 790/888/790 779/889/779 778/875/778
f 791/890/791 780/876/780 779/889/779
f 792/891/792 781/892/781 780/876/780
f 793/893/793 782/877/782 781/892/781
f 794/894/794 771/879/771 782/877/782
f 783/895/783 796/896/796 784/897/784
f 784/897/784 797/898/797 785/899/785
f 797/898/797 786/900/786 785/899/785
f 798/901/798 787/902/787 786/900/786
f 787/902/787 800/903/800 788/904/788
f 788/904/788 801/905/801 789/906/789
f 801/905/801 790/907/790 789/906/789
f 802/908/802 791/909/791 790/907/790
f 803/910/803 792/911/792 791/909/791
f 792/911/792 805/912/805 793/913/793
f 793/913/793 806/914/806 794/915/794
f 806/914/806 783/916/783 794/915/794
f 807/917/807 796/896/796 795/918/795
f 796/896/796 809/919/809 797/898/797
f 797/898/797 810/920/810 798/901/798
f 810/920/810 799/921/799 798/901/798
f 811/922/811 800/903/800 799/921/799
f 800/903/800 813/923/813 801/905/801
f 813/923/813 802/908/802 801/905/801
f 814/924/814 803/910/803 802/908/802
f 803/910/803 816/925/816 804/926/804
f 816/925/816 805/912/805 804/926/804
f 805/912/805 818/927/818 806/914/806
f 818/927/818 795/928/795 806/914/806
f 819/929/819 808/930/808 807/917/807
f 808/930/808 821/931/821 809/919/809
f 809/919/809 822/932/822 810/920/810
f 810/920/810 823/933/823 811/922/811
f 823/933/823 812/934/812 811/922/811
f 812/934/812 825/935/825 813/923/813
f 813/923/813 826/936/826 814/924/814
f 826/936/826 815/937/815 814/924/814
f 827/938/827 816/925/816 815/937/815
f 828/939/828 817/940/817 816/925/816
f 817/940/817 830/941/830 818/927/818
f 830/941/830 807/942/807 818/927/818
f 831/943/831 820/944/820 819/929/819
f 820/944/820 833/945/833 821/931/821
f 833/945/833 822/932/822 821/931/821
f 822/932/822 835/946/835 823/933/823
f 835/946/835 824/947/824 823/933/823
f 836/948/836 825/935/825 824/947/824
f 825/935/825 838/949/838 826/936/826
f 826/936/826 839/950/839 827/938/827
f 839/950/839 828/939/828 827/938/827
f 828/939/828 841/951/841 829/952/829
f 829/952/829 842/953/842 830/941/830
f 830/941/830 831/954/831 819/955/819
f 843/956/843 832/957/832 831/943/831
f 832/957/832 845/958/845 833/945/833
f 845/958/845 834/959/834 833/945/833
f 834/959/834 847/960/847 835/946/835
f 835/946/835 848/961/848 836/948/836
f 836/948/836 849/962/849 837/963/837
f 837/963/837 850/964/850 838/949/838
f 850/964/850 839/950/839 838/949/838
f 839/950/839 852/965/852 840/966/840
f 852/965/852 841/951/841 840/966/840
f 853/967/853 842/953/842 841/951/841
f 854/968/854 831/954/831 842/953/842
f 855/969/855 844/970/844 843/956/843
f 844/970/844 857/971/857 845/958/845
f 857/971/857 846/972/846 845/958/845
f 858/973/858 847/960/847 846/972/846
f 859/974/859 848/961/848 847/960/847
f 848/961/848 861/975/861 849/962/849
f 861/975/861 850/964/850 849/962/849
f 862/976/862 851/977/851 850/964/850
f 851/977/851 864/978/864 852/965/852
f 852/965/852 865/979/865 853/967/853
f 865/979/865 854/968/854 853/967/853
f 854/968/854 855/980/855 843/981/843
f 867/982/867 856/983/856 855/969/855
f 856/983/856 869/984/869 857/971/857
f 857/971/857 870/985/870 858/973/858
f 858/973/858 871/986/871 859/974/859
f 871/986/871 860/987/860 859/974/859
f 860/987/860 873/988/873 861/975/861
f 873/988/873 862/976/862 861/975/861
f 862/976/862 875/989/875 863/990/863
f 875/989/875 864/978/864 863/990/863
f 876/991/876 865/979/865 864/978/864
f 877/992/877 866/993/866 865/979/865
f 866/993/866 867/994/867 855/980/855
f 867/982/867 880/995/880 868/996/868
f 880/995/880 869/984/869 868/996/868
f 869/984/869 882/997/882 870/985/870
f 870/985/870 883/998/883 871/986/871
f 883/998/883 872/999/872 871/986/871
f 872/999/872 885/1000/885 873/988/873
f 885/1000/885 874/1001/874 873/988/873
f 874/1001/874 887/1002/887 875/989/875
f 887/1002/887 876/991/876 875/989/875
f 888/1003/888 877/992/877 876/991/876
f 877/992/877 890/1004/890 878/1005/878
f 890/1004/890 867/994/867 878/1005/878
f 879/1006/879 892/1007/892 880/995/880
f 892/1007/892 881/1008/881 880/995/880
f 893/1009/893 882/997/882 881/1008/881
f 894/1010/894 883/998/883 882/997/882
f 883/998/883 896/1011/896 884/1012/884
f 896/1011/896 885/1000/885 884/1012/884
f 885/1000/885 898/1013/898 886/1014/886
f 898/1013/898 887/1002/887 886/1014/886
f 887/1002/887 900/1015/900 888/1003/888
f 888/1003/888 901/1016/901 889/1017/889
f 889/1017/889 902/1018/902 890/1004/890
f 902/1018/902 879/1019/879 890/1004/890
f 483/560/483 892/1007/892 891/1020/891
f 892/1007/892 485/564/485 893/1009/893
f 893/1009/893 486/566/486 894/1010/894
f 486/566/486 895/1021/895 894/1010/894
f 895/1021/895 488/569/488 896/1011/896
f 488/569/488 897/1022/897 896/1011/896
f 897/1022/897 490/572/490 898/1013/898
f 490/572/490 899/1023/899 898/1013/898
f 491/574/491 900/1015/900 899/1023/899
f 900/1015/900 493/577/493 901/1016/901
f 493/577/493 902/1018/902 901/1016/901
f 494/579/494 891/1024/891 902/1018/902
f 478/1/478 16/31/16 17/2/17
f 476/4/476 1/32/1 9/5/9
f 479/7/479 6/3/6 17/2/17
f 476/4/476 10/6/10 11/9/11
f 479/7/479 18/8/18 19/11/19
f 477/13/477 2/10/2 11/9/11
f 480/12/480 19/11/19 20/15/20
f 3/17/3 477/13/477 12/14/12
f 481/16/481 20/15/20 21/19/21
f 3/17/3 13/18/13 14/21/14
f 4/22/4 14/21/14 15/27/15
f 475/29/475 474/23/474 7/25/7
f 5/28/5 15/27/15 16/31/16
f 1/32/1 475/29/475 8/30/8
f 15/27/15 30/48/30 31/33/31
f 8/30/8 23/49/23 24/34/24
f 17/2/17 16/31/16 31/33/31
f 9/5/9 24/34/24 25/36/25
f 18/8/18 17/2/17 32/35/32
f 10/6/10 25/36/25 26/38/26
f 19/11/19 18/8/18 33/37/33
f 11/9/11 26/38/26 27/40/27
f 20/15/20 19/11/19 34/39/34
f 13/18/13 12/14/12 27/40/27
f 20/15/20 35/41/35 36/43/36
f 13/18/13 28/42/28 29/44/29
f 14/21/14 29/44/29 30/48/30
f 7/25/7 22/46/22 23/49/23
f 35/41/35 34/39/34 49/50/49
f 28/42/28 27/40/27 42/52/42
f 36/43/36 35/41/35 50/51/50
f 29/44/29 28/42/28 43/53/43
f 29/44/29 44/55/44 45/59/45
f 22/46/22 37/57/37 38/60/38
f 30/48/30 45/59/45 46/61/46
f 23/49/23 38/60/38 39/62/39
f 32/35/32 31/33/31 46/61/46
f 24/34/24 39/62/39 40/64/40
f 33/37/33 32/35/32 47/63/47
f 25/36/25 40/64/40 41/66/41
f 34/39/34 33/37/33 48/65/48
f 26/38/26 41/66/41 42/52/42
f 38/60/38 53/83/53 54/67/54
f 47/63/47 46/61/46 61/68/61
f 39/62/39 54/67/54 55/70/55
f 47/63/47 62/69/62 63/71/63
f 41/66/41 40/64/40 55/70/55
f 49/50/49 48/65/48 63/71/63
f 41/66/41 56/72/56 57/74/57
f 50/51/50 49/50/49 64/73/64
f 43/53/43 42/52/42 57/74/57
f 51/54/51 50/51/50 65/75/65
f 44/55/44 43/53/43 58/76/58
f 44/55/44 59/78/59 60/82/60
f 37/57/37 52/80/52 53/83/53
f 45/59/45 60/82/60 61/68/61
f 58/76/58 57/74/57 72/84/72
f 65/75/65 80/100/80 81/86/81
f 59/78/59 58/76/58 73/85/73
f 59/78/59 74/87/74 75/91/75
f 53/83/53 52/80/52 67/89/67
f 60/82/60 75/91/75 76/93/76
f 54/67/54 53/83/53 68/92/68
f 62/69/62 61/68/61 76/93/76
f 54/67/54 69/94/69 70/96/70
f 62/69/62 77/95/77 78/97/78
f 56/72/56 55/70/55 70/96/70
f 64/73/64 63/71/63 78/97/78
f 56/72/56 71/98/71 72/84/72
f 64/73/64 79/99/79 80/100/80
f 77/95/77 76/93/76 92/101/92
f 69/94/69 85/117/85 86/103/86
f 77/95/77 93/102/93 94/104/94
f 71/98/71 70/96/70 86/103/86
f 79/99/79 78/97/78 94/104/94
f 71/98/71 87/105/87 88/107/88
f 80/100/80 79/99/79 95/106/95
f 73/85/73 72/84/72 88/107/88
f 81/86/81 80/100/80 96/108/96
f 74/87/74 73/85/73 89/109/89
f 74/87/74 90/111/90 91/115/91
f 67/89/67 83/113/83 84/116/84
f 75/91/75 91/115/91 92/101/92
f 68/92/68 84/116/84 85/117/85
f 96/108/96 111/134/111 112/118/112
f 90/111/90 89/109/89 104/119/104
f 90/111/90 105/120/105 106/124/106
f 83/113/83 98/122/98 99/125/99
f 91/115/91 106/124/106 107/126/107
f 85/117/85 84/116/84 99/125/99
f 93/102/93 92/101/92 107/126/107
f 85/117/85 100/127/100 101/129/101
f 93/102/93 108/128/108 109/130/109
f 87/105/87 86/103/86 101/129/101
f 95/106/95 94/104/94 109/130/109
f 87/105/87 102/131/102 103/133/103
f 95/106/95 110/132/110 111/134/111
f 89/109/89 88/107/88 103/133/103
f 100/127/100 115/150/115 116/135/116
f 108/128/108 123/151/123 124/136/124
f 102/131/102 101/129/101 116/135/116
f 110/132/110 109/130/109 124/136/124
f 102/131/102 117/137/117 118/139/118
f 111/134/111 110/132/110 125/138/125
f 104/119/104 103/133/103 118/139/118
f 111/134/111 126/140/126 127/142/127
f 105/120/105 104/119/104 119/141/119
f 105/120/105 120/143/120 121/147/121
f 98/122/98 113/145/113 114/148/114
f 106/124/106 121/147/121 122/149/122
f 99/125/99 114/148/114 115/150/115
f 108/128/108 107/126/107 122/149/122
f 120/143/120 119/141/119 134/152/134
f 120/143/120 135/153/135 136/158/136
f 114/148/114 113/145/113 128/155/128
f 121/147/121 136/158/136 137/160/137
f 115/150/115 114/148/114 129/159/129
f 123/151/123 122/149/122 137/160/137
f 115/150/115 130/161/130 131/163/131
f 123/151/123 138/162/138 139/164/139
f 117/137/117 116/135/116 131/163/131
f 125/138/125 124/136/124 139/164/139
f 117/137/117 132/165/132 133/167/133
f 125/138/125 140/166/140 141/168/141
f 119/141/119 118/139/118 133/167/133
f 126/140/126 141/168/141 142/157/142
f 138/162/138 153/185/153 154/169/154
f 132/165/132 131/163/131 146/170/146
f 140/166/140 139/164/139 154/169/154
f 132/165/132 147/171/147 148/173/148
f 141/168/141 140/166/140 155/172/155
f 134/152/134 133/167/133 148/173/148
f 141/168/141 156/174/156 157/176/157
f 135/153/135 134/152/134 149/175/149
f 135/153/135 150/177/150 151/181/151
f 128/155/128 143/179/143 144/182/144
f 136/158/136 151/181/151 152/183/152
f 129/159/129 144/182/144 145/184/145
f 138/162/138 137/160/137 152/183/152
f 130/161/130 145/184/145 146/170/146
f 150/177/150 165/200/165 166/188/166
f 143/179/143 158/202/158 159/189/159
f 151/181/151 166/188/166 167/190/167
f 144/182/144 159/189/159 160/191/160
f 153/185/153 152/183/152 167/190/167
f 145/184/145 160/191/160 161/193/161
f 153/185/153 168/192/168 169/194/169
f 147/171/147 146/170/146 161/193/161
f 155/172/155 154/169/154 169/194/169
f 147/171/147 162/195/162 163/197/163
f 156/174/156 155/172/155 170/196/170
f 149/175/149 148/173/148 163/197/163
f 157/176/157 156/174/156 171/198/171
f 150/177/150 149/175/149 164/199/164
f 170/196/170 169/194/169 184/203/184
f 162/195/162 177/219/177 178/205/178
f 171/198/171 170/196/170 185/204/185
f 164/199/164 163/197/163 178/205/178
f 172/187/172 171/198/171 186/206/186
f 165/200/165 164/199/164 179/207/179
f 165/200/165 180/209/180 181/213/181
f 158/202/158 173/211/173 174/214/174
f 166/188/166 181/213/181 182/215/182
f 159/189/159 174/214/174 175/216/175
f 168/192/168 167/190/167 182/215/182
f 160/191/160 175/216/175 176/218/176
f 168/192/168 183/217/183 184/203/184
f 162/195/162 161/193/161 176/218/176
f 174/214/174 173/211/173 188/220/188
f 181/213/181 196/236/196 197/222/197
f 175/216/175 174/214/174 189/221/189
f 183/217/183 182/215/182 197/222/197
f 175/216/175 190/223/190 191/225/191
f 183/217/183 198/224/198 199/226/199
f 177/219/177 176/218/176 191/225/191
f 185/204/185 184/203/184 199/226/199
f 177/219/177 192/227/192 193/229/193
f 185/204/185 200/228/200 201/230/201
f 179/207/179 178/205/178 193/229/193
f 186/206/186 201/230/201 202/232/202
f 180/209/180 179/207/179 194/231/194
f 180/209/180 195/233/195 196/236/196
f 192/227/192 207/253/207 208/237/208
f 201/230/201 200/228/200 215/238/215
f 194/231/194 193/229/193 208/237/208
f 202/232/202 201/230/201 216/239/216
f 195/233/195 194/231/194 209/240/209
f 195/233/195 210/242/210 211/246/211
f 188/220/188 203/244/203 204/247/204
f 196/236/196 211/246/211 212/248/212
f 189/221/189 204/247/204 205/249/205
f 198/224/198 197/222/197 212/248/212
f 190/223/190 205/249/205 206/251/206
f 198/224/198 213/250/213 214/252/214
f 192/227/192 191/225/191 206/251/206
f 200/228/200 199/226/199 214/252/214
f 211/246/211 226/269/226 227/254/227
f 204/247/204 219/270/219 220/255/220
f 213/250/213 212/248/212 227/254/227
f 205/249/205 220/255/220 221/257/221
f 213/250/213 228/256/228 229/258/229
f 207/253/207 206/251/206 221/257/221
f 215/238/215 214/252/214 229/258/229
f 207/253/207 222/259/222 223/261/223
f 216/239/216 215/238/215 230/260/230
f 209/240/209 208/237/208 223/261/223
f 217/241/217 216/239/216 231/262/231
f 210/242/210 209/240/209 224/263/224
f 210/242/210 225/265/225 226/269/226
f 203/244/203 218/267/218 219/270/219
f 231/262/231 230/260/230 245/271/245
f 224/263/224 223/261/223 238/273/238
f 231/262/231 246/272/246 247/275/247
f 225/265/225 224/263/224 239/274/239
f 225/265/225 240/276/240 241/280/241
f 219/270/219 218/267/218 233/278/233
f 226/269/226 241/280/241 242/282/242
f 219/270/219 234/281/234 235/283/235
f 228/256/228 227/254/227 242/282/242
f 220/255/220 235/283/235 236/285/236
f 228/256/228 243/284/243 244/286/244
f 222/259/222 221/257/221 236/285/236
f 230/260/230 229/258/229 244/286/244
f 222/259/222 237/287/237 238/273/238
f 235/283/235 234/281/234 249/288/249
f 243/284/243 242/282/242 257/290/257
f 235/283/235 250/289/250 251/292/251
f 243/284/243 258/291/258 259/293/259
f 237/287/237 236/285/236 251/292/251
f 245/271/245 244/286/244 259/293/259
f 237/287/237 252/294/252 253/296/253
f 245/271/245 260/295/260 261/297/261
f 239/274/239 238/273/238 253/296/253
f 246/272/246 261/297/261 262/299/262
f 240/276/240 239/274/239 254/298/254
f 240/276/240 255/300/255 256/304/256
f 234/281/234 233/278/233 248/302/248
f 241/280/241 256/304/256 257/290/257
f 254/298/254 253/296/253 268/305/268
f 261/297/261 276/321/276 277/307/277
f 255/300/255 254/298/254 269/306/269
f 255/300/255 270/308/270 271/312/271
f 249/288/249 248/302/248 263/310/263
f 256/304/256 271/312/271 272/314/272
f 249/288/249 264/313/264 265/315/265
f 258/291/258 257/290/257 272/314/272
f 250/289/250 265/315/265 266/317/266
f 258/291/258 273/316/273 274/318/274
f 252/294/252 251/292/251 266/317/266
f 260/295/260 259/293/259 274/318/274
f 252/294/252 267/319/267 268/305/268
f 261/297/261 260/295/260 275/320/275
f 273/316/273 272/314/272 287/322/287
f 265/315/265 280/338/280 281/324/281
f 273/316/273 288/323/288 289/325/289
f 267/319/267 266/317/266 281/324/281
f 275/320/275 274/318/274 289/325/289
f 267/319/267 282/326/282 283/328/283
f 275/320/275 290/327/290 291/329/291
f 269/306/269 268/305/268 283/328/283
f 276/321/276 291/329/291 292/331/292
f 270/308/270 269/306/269 284/330/284
f 270/308/270 285/332/285 286/336/286
f 263/310/263 278/334/278 279/337/279
f 271/312/271 286/336/286 287/322/287
f 264/313/264 279/337/279 280/338/280
f 292/331/292 291/329/291 306/339/306
f 285/332/285 284/330/284 299/341/299
f 285/332/285 300/342/300 301/346/301
f 278/334/278 293/344/293 294/347/294
f 286/336/286 301/346/301 302/348/302
f 280/338/280 279/337/279 294/347/294
f 288/323/288 287/322/287 302/348/302
f 280/338/280 295/349/295 296/351/296
f 288/323/288 303/350/303 304/352/304
f 282/326/282 281/324/281 296/351/296
f 290/327/290 289/325/289 304/352/304
f 282/326/282 297/353/297 298/355/298
f 290/327/290 305/354/305 306/339/306
f 284/330/284 283/328/283 298/355/298
f 303/350/303 319/372/319 320/356/320
f 297/353/297 296/351/296 312/357/312
f 305/354/305 304/352/304 320/356/320
f 297/353/297 313/358/313 314/360/314
f 305/354/305 321/359/321 322/361/322
f 299/341/299 298/355/298 314/360/314
f 306/339/306 322/361/322 323/363/323
f 300/342/300 299/341/299 315/362/315
f 300/342/300 316/364/316 317/368/317
f 294/347/294 293/344/293 309/366/309
f 301/346/301 317/368/317 318/370/318
f 295/349/295 294/347/294 310/369/310
f 303/350/303 302/348/302 318/370/318
f 295/349/295 311/371/311 312/357/312
f 316/364/316 331/389/331 332/377/332
f 309/366/309 324/374/324 325/378/325
f 317/368/317 332/377/332 333/379/333
f 310/369/310 325/378/325 326/380/326
f 319/372/319 318/370/318 333/379/333
f 311/371/311 326/380/326 327/382/327
f 319/372/319 334/381/334 335/383/335
f 313/358/313 312/357/312 327/382/327
f 321/359/321 320/356/320 335/383/335
f 313/358/313 328/384/328 329/386/329
f 321/359/321 336/385/336 337/387/337
f 315/362/315 314/360/314 329/386/329
f 323/363/323 322/361/322 337/387/337
f 316/364/316 315/362/315 330/388/330
f 328/384/328 327/382/327 342/390/342
f 336/385/336 335/383/335 350/392/350
f 328/384/328 343/391/343 344/394/344
f 336/385/336 351/393/351 352/395/352
f 330/388/330 329/386/329 344/394/344
f 338/376/338 337/387/337 352/395/352
f 331/389/331 330/388/330 345/396/345
f 331/389/331 346/398/346 347/402/347
f 324/374/324 339/400/339 340/403/340
f 332/377/332 347/402/347 348/404/348
f 326/380/326 325/378/325 340/403/340
f 334/381/334 333/379/333 348/404/348
f 326/380/326 341/405/341 342/390/342
f 334/381/334 349/406/349 350/392/350
f 346/398/346 361/420/361 362/407/362
f 339/400/339 354/422/354 355/408/355
f 347/402/347 362/407/362 363/409/363
f 341/405/341 340/403/340 355/408/355
f 349/406/349 348/404/348 363/409/363
f 341/405/341 356/410/356 357/412/357
f 349/406/349 364/411/364 365/413/365
f 343/391/343 342/390/342 357/412/357
f 351/393/351 350/392/350 365/413/365
f 343/391/343 358/414/358 359/416/359
f 351/393/351 366/415/366 367/417/367
f 345/396/345 344/394/344 359/416/359
f 353/397/353 352/395/352 367/417/367
f 346/398/346 345/396/345 360/418/360
f 366/424/366 365/454/365 380/425/380
f 358/427/358 373/455/373 374/428/374
f 366/424/366 381/426/381 382/430/382
f 360/432/360 359/429/359 374/428/374
f 367/431/367 382/430/382 383/434/383
f 361/436/361 360/432/360 375/433/375
f 361/436/361 376/437/376 377/442/377
f 355/444/355 354/438/354 369/440/369
f 362/443/362 377/442/377 378/446/378
f 356/448/356 355/444/355 370/445/370
f 364/450/364 363/447/363 378/446/378
f 356/448/356 371/449/371 372/452/372
f 364/450/364 379/451/379 380/425/380
f 358/427/358 357/453/357 372/452/372
f 370/445/370 369/440/369 384/456/384
f 377/442/377 392/472/392 393/458/393
f 371/449/371 370/445/370 385/457/385
f 379/451/379 378/446/378 393/458/393
f 371/449/371 386/459/386 387/461/387
f 379/451/379 394/460/394 395/462/395
f 373/455/373 372/452/372 387/461/387
f 381/426/381 380/425/380 395/462/395
f 373/455/373 388/463/388 389/465/389
f 381/426/381 396/464/396 397/466/397
f 375/433/375 374/428/374 389/465/389
f 382/430/382 397/466/397 398/468/398
f 376/437/376 375/433/375 390/467/390
f 376/437/376 391/469/391 392/472/392
f 388/463/388 403/488/403 404/473/404
f 396/464/396 411/489/411 412/474/412
f 390/467/390 389/465/389 404/473/404
f 398/468/398 397/466/397 412/474/412
f 391/469/391 390/467/390 405/475/405
f 391/469/391 406/477/406 407/481/407
f 384/456/384 399/479/399 400/482/400
f 392/472/392 407/481/407 408/483/408
f 386/459/386 385/457/385 400/482/400
f 394/460/394 393/458/393 408/483/408
f 386/459/386 401/484/401 402/486/402
f 394/460/394 409/485/409 410/487/410
f 388/463/388 387/461/387 402/486/402
f 396/464/396 395/462/395 410/487/410
f 407/481/407 422/506/422 423/490/423
f 401/484/401 400/482/400 415/491/415
f 409/485/409 408/483/408 423/490/423
f 401/484/401 416/492/416 417/494/417
f 409/485/409 424/493/424 425/495/425
f 403/488/403 402/486/402 417/494/417
f 411/489/411 410/487/410 425/495/425
f 403/488/403 418/496/418 419/498/419
f 411/489/411 426/497/426 427/499/427
f 405/475/405 404/473/404 419/498/419
f 412/474/412 427/499/427 428/501/428
f 406/477/406 405/475/405 420/500/420
f 406/477/406 421/502/421 422/506/422
f 399/479/399 414/504/414 415/491/415
f 426/497/426 441/523/441 442/507/442
f 420/500/420 419/498/419 434/508/434
f 428/501/428 427/499/427 442/507/442
f 421/502/421 420/500/420 435/509/435
f 421/502/421 436/511/436 437/515/437
f 414/504/414 429/513/429 430/516/430
f 422/506/422 437/515/437 438/517/438
f 416/492/416 415/491/415 430/516/430
f 424/493/424 423/490/423 438/517/438
f 416/492/416 431/518/431 432/520/432
f 424/493/424 439/519/439 440/521/440
f 418/496/418 417/494/417 432/520/432
f 426/497/426 425/495/425 440/521/440
f 418/496/418 433/522/433 434/508/434
f 439/519/439 438/517/438 453/524/453
f 431/518/431 446/540/446 447/526/447
f 439/519/439 454/525/454 455/527/455
f 433/522/433 432/520/432 447/526/447
f 441/523/441 440/521/440 455/527/455
f 433/522/433 448/528/448 449/530/449
f 441/523/441 456/529/456 457/531/457
f 435/509/435 434/508/434 449/530/449
f 442/507/442 457/531/457 458/533/458
f 436/511/436 435/509/435 450/532/450
f 436/511/436 451/534/451 452/538/452
f 430/516/430 429/513/429 444/536/444
f 437/515/437 452/538/452 453/524/453
f 431/518/431 430/516/430 445/539/445
f 458/533/458 457/531/457 472/541/472
f 451/534/451 450/532/450 465/543/465
f 451/534/451 466/544/466 467/548/467
f 444/536/444 459/546/459 460/549/460
f 452/538/452 467/548/467 468/550/468
f 446/540/446 445/539/445 460/549/460
f 454/525/454 453/524/453 468/550/468
f 446/540/446 461/551/461 462/553/462
f 454/525/454 469/552/469 470/554/470
f 448/528/448 447/526/447 462/553/462
f 456/529/456 455/527/455 470/554/470
f 448/528/448 463/555/463 464/557/464
f 456/529/456 471/556/471 472/541/472
f 450/532/450 449/530/449 464/557/464
f 462/553/462 461/551/461 1/32/1
f 469/552/469 6/3/6 479/7/479
f 463/555/463 462/553/462 476/4/476
f 471/556/471 470/554/470 479/7/479
f 464/557/464 463/555/463 2/10/2
f 471/556/471 480/12/480 481/16/481
f 465/543/465 464/557/464 477/13/477
f 472/541/472 481/16/481 482/20/482
f 466/544/466 465/543/465 3/17/3
f 466/544/466 4/22/4 5/28/5
f 459/546/459 474/23/474 475/29/475
f 467/548/467 5/28/5 478/1/478
f 461/551/461 460/549/460 475/29/475
f 468/550/468 478/1/478 6/3/6
f 483/560/483 495/582/495 496/561/496
f 484/562/484 496/561/496 497/563/497
f 485/564/485 497/563/497 498/565/498
f 498/565/498 499/568/499 487/567/487
f 499/568/499 500/587/500 488/569/488
f 488/569/488 500/587/500 501/570/501
f 501/570/501 502/589/502 490/572/490
f 490/572/490 502/589/502 503/573/503
f 491/574/491 503/573/503 504/575/504
f 504/575/504 505/578/505 493/577/493
f 505/578/505 506/593/506 494/579/494
f 494/579/494 506/593/506 495/580/495
f 495/582/495 507/596/507 508/583/508
f 508/583/508 509/584/509 497/563/497
f 509/584/509 510/598/510 498/565/498
f 498/565/498 510/598/510 511/585/511
f 499/568/499 511/585/511 512/586/512
f 500/587/500 512/586/512 513/588/513
f 513/588/513 514/602/514 502/589/502
f 502/589/502 514/602/514 515/590/515
f 503/573/503 515/590/515 516/591/516
f 504/575/504 516/591/516 517/592/517
f 517/592/517 518/594/518 506/593/506
f 518/594/518 507/606/507 495/580/495
f 519/595/519 520/608/520 508/583/508
f 508/583/508 520/608/520 521/597/521
f 521/597/521 522/610/522 510/598/510
f 510/598/510 522/610/522 523/599/523
f 511/585/511 523/599/523 524/600/524
f 524/600/524 525/613/525 513/588/513
f 513/588/513 525/613/525 526/601/526
f 514/602/514 526/601/526 527/603/527
f 527/603/527 528/616/528 516/591/516
f 516/591/516 528/616/528 529/604/529
f 529/604/529 530/619/530 518/594/518
f 518/594/518 530/619/530 519/605/519
f 519/595/519 531/621/531 532/607/532
f 532/607/532 533/623/533 521/597/521
f 521/597/521 533/623/533 534/609/534
f 522/610/522 534/609/534 535/611/535
f 523/599/523 535/611/535 536/612/536
f 536/612/536 537/614/537 525/613/525
f 537/614/537 538/627/538 526/601/526
f 526/601/526 538/627/538 539/615/539
f 539/615/539 540/617/540 528/616/528
f 540/617/540 541/630/541 529/604/529
f 529/604/529 541/630/541 542/618/542
f 530/619/530 542/618/542 531/620/531
f 531/621/531 543/632/543 544/622/544
f 544/622/544 545/624/545 533/623/533
f 545/624/545 546/635/546 534/609/534
f 534/609/534 546/635/546 547/625/547
f 547/625/547 548/637/548 536/612/536
f 536/612/536 548/637/548 549/626/549
f 549/626/549 550/639/550 538/627/538
f 538/627/538 550/639/550 551/628/551
f 551/628/551 552/629/552 540/617/540
f 552/629/552 553/642/553 541/630/541
f 541/630/541 553/642/553 554/631/554
f 554/631/554 543/644/543 531/620/531
f 543/632/543 555/645/555 556/633/556
f 556/633/556 557/648/557 545/624/545
f 545/624/545 557/648/557 558/634/558
f 546/635/546 558/634/558 559/636/559
f 559/636/559 560/652/560 548/637/548
f 548/637/548 560/652/560 561/638/561
f 561/638/561 562/654/562 550/639/550
f 550/639/550 562/654/562 563/640/563
f 563/640/563 564/641/564 552/629/552
f 564/641/564 565/658/565 553/642/553
f 553/642/553 565/658/565 566/643/566
f 566/643/566 555/661/555 543/644/543
f 555/645/555 567/663/567 568/646/568
f 556/633/556 568/646/568 569/647/569
f 557/648/557 569/647/569 570/649/570
f 558/634/558 570/649/570 571/650/571
f 559/636/559 571/650/571 572/651/572
f 560/652/560 572/651/572 573/653/573
f 573/653/573 574/655/574 562/654/562
f 574/655/574 575/656/575 563/640/563
f 575/656/575 576/657/576 564/641/564
f 576/657/576 577/671/577 565/658/565
f 565/658/565 577/671/577 578/659/578
f 566/643/566 578/659/578 567/660/567
f 579/662/579 580/664/580 568/646/568
f 580/664/580 581/665/581 569/647/569
f 581/665/581 582/666/582 570/649/570
f 582/666/582 583/677/583 571/650/571
f 571/650/571 583/677/583 584/667/584
f 584/667/584 585/679/585 573/653/573
f 573/653/573 585/679/585 586/668/586
f 586/668/586 587/682/587 575/656/575
f 575/656/575 587/682/587 588/669/588
f 576/657/576 588/669/588 589/670/589
f 577/671/577 589/670/589 590/672/590
f 578/659/578 590/672/590 579/673/579
f 579/662/579 591/686/591 592/674/592
f 592/674/592 593/675/593 581/665/581
f 593/675/593 594/689/594 582/666/582
f 582/666/582 594/689/594 595/676/595
f 583/677/583 595/676/595 596/678/596
f 596/678/596 597/680/597 585/679/585
f 597/680/597 598/693/598 586/668/586
f 586/668/586 598/693/598 599/681/599
f 599/681/599 600/683/600 588/669/588
f 600/683/600 601/684/601 589/670/589
f 601/684/601 602/696/602 590/672/590
f 590/672/590 602/696/602 591/685/591
f 591/686/591 603/699/603 604/687/604
f 604/687/604 605/688/605 593/675/593
f 605/688/605 606/701/606 594/689/594
f 594/689/594 606/701/606 607/690/607
f 607/690/607 608/691/608 596/678/596
f 608/691/608 609/692/609 597/680/597
f 609/692/609 610/705/610 598/693/598
f 598/693/598 610/705/610 611/694/611
f 611/694/611 612/707/612 600/683/600
f 600/683/600 612/707/612 613/695/613
f 613/695/613 614/709/614 602/696/602
f 602/696/602 614/709/614 603/697/603
f 615/698/615 616/712/616 604/687/604
f 604/687/604 616/712/616 617/700/617
f 617/700/617 618/702/618 606/701/606
f 618/702/618 619/715/619 607/690/607
f 607/690/607 619/715/619 620/703/620
f 620/703/620 621/704/621 609/692/609
f 621/704/621 622/718/622 610/705/610
f 610/705/610 622/718/622 623/706/623
f 623/706/623 624/720/624 612/707/612
f 612/707/612 624/720/624 625/708/625
f 625/708/625 626/722/626 614/709/614
f 614/709/614 626/722/626 615/710/615
f 627/711/627 628/725/628 616/712/616
f 616/712/616 628/725/628 629/713/629
f 617/700/617 629/713/629 630/714/630
f 630/714/630 631/716/631 619/715/619
f 631/716/631 632/729/632 620/703/620
f 620/703/620 632/729/632 633/717/633
f 633/717/633 634/731/634 622/718/622
f 622/718/622 634/731/634 635/719/635
f 635/719/635 636/733/636 624/720/624
f 624/720/624 636/733/636 637/721/637
f 637/721/637 638/735/638 626/722/626
f 626/722/626 638/735/638 627/723/627
f 639/724/639 640/726/640 628/725/628
f 640/726/640 641/739/641 629/713/629
f 629/713/629 641/739/641 642/727/642
f 630/714/630 642/727/642 643/728/643
f 643/728/643 644/742/644 632/729/632
f 632/729/632 644/742/644 645/730/645
f 645/730/645 646/744/646 634/731/634
f 634/731/634 646/744/646 647/732/647
f 647/732/647 648/746/648 636/733/636
f 636/733/636 648/746/648 649/734/649
f 649/734/649 650/749/650 638/735/638
f 638/735/638 650/749/650 639/736/639
f 651/737/651 652/752/652 640/726/640
f 640/726/640 652/752/652 653/738/653
f 641/739/641 653/738/653 654/740/654
f 654/740/654 655/741/655 643/728/643
f 655/741/655 656/756/656 644/742/644
f 644/742/644 656/756/656 657/743/657
f 657/743/657 658/758/658 646/744/646
f 646/744/646 658/758/658 659/745/659
f 659/745/659 660/747/660 648/746/648
f 660/747/660 661/748/661 649/734/649
f 661/748/661 662/762/662 650/749/650
f 650/749/650 662/762/662 651/750/651
f 663/751/663 664/765/664 652/752/652
f 652/752/652 664/765/664 665/753/665
f 653/738/653 665/753/665 666/754/666
f 666/754/666 667/755/667 655/741/655
f 667/755/667 668/769/668 656/756/656
f 656/756/656 668/769/668 669/757/669
f 669/757/669 670/771/670 658/758/658
f 658/758/658 670/771/670 671/759/671
f 659/745/659 671/759/671 672/760/672
f 672/760/672 673/761/673 661/748/661
f 673/761/673 674/775/674 662/762/662
f 662/762/662 674/775/674 663/763/663
f 675/764/675 676/766/676 664/765/664
f 676/766/676 677/778/677 665/753/665
f 665/753/665 677/778/677 678/767/678
f 678/767/678 679/768/679 667/755/667
f 679/768/679 680/781/680 668/769/668
f 668/769/668 680/781/680 681/770/681
f 681/770/681 682/783/682 670/771/670
f 670/771/670 682/783/682 683/772/683
f 671/759/671 683/772/683 684/773/684
f 684/773/684 685/786/685 673/761/673
f 673/761/673 685/786/685 686/774/686
f 674/775/674 686/774/686 675/776/675
f 675/764/675 687/788/687 688/777/688
f 688/777/688 689/779/689 677/778/677
f 689/779/689 690/791/690 678/767/678
f 678/767/678 690/791/690 691/780/691
f 691/780/691 692/793/692 680/781/680
f 680/781/680 692/793/692 693/782/693
f 693/782/693 694/795/694 682/783/682
f 682/783/682 694/795/694 695/784/695
f 683/772/683 695/784/695 696/785/696
f 696/785/696 697/798/697 685/786/685
f 685/786/685 697/798/697 698/787/698
f 698/787/698 687/800/687 675/776/675
f 687/788/687 699/801/699 700/789/700
f 700/789/700 701/790/701 689/779/689
f 701/790/701 702/804/702 690/791/690
f 690/791/690 702/804/702 703/792/703
f 703/792/703 704/807/704 692/793/692
f 692/793/692 704/807/704 705/794/705
f 705/794/705 706/810/706 694/795/694
f 694/795/694 706/810/706 707/796/707
f 695/784/695 707/796/707 708/797/708
f 708/797/708 709/812/709 697/798/697
f 697/798/697 709/812/709 710/799/710
f 710/799/710 699/814/699 687/800/687
f 699/801/699 711/815/711 712/802/712
f 712/802/712 713/803/713 701/790/701
f 713/803/713 714/805/714 702/804/702
f 714/805/714 715/806/715 703/792/703
f 715/806/715 716/808/716 704/807/704
f 716/808/716 717/820/717 705/794/705
f 705/794/705 717/820/717 718/809/718
f 718/809/718 719/822/719 707/796/707
f 707/796/707 719/822/719 720/811/720
f 720/811/720 721/824/721 709/812/709
f 709/812/709 721/824/721 722/813/722
f 722/813/722 711/826/711 699/814/699
f 711/815/711 723/828/723 724/816/724
f 724/816/724 725/830/725 713/803/713
f 713/803/713 725/830/725 726/817/726
f 726/817/726 727/818/727 715/806/715
f 727/818/727 728/833/728 716/808/716
f 716/808/716 728/833/728 729/819/729
f 729/819/729 730/821/730 718/809/718
f 730/821/730 731/835/731 719/822/719
f 719/822/719 731/835/731 732/823/732
f 732/823/732 733/837/733 721/824/721
f 721/824/721 733/837/733 734/825/734
f 734/825/734 723/839/723 711/826/711
f 735/827/735 736/841/736 724/816/724
f 724/816/724 736/841/736 737/829/737
f 725/830/725 737/829/737 738/831/738
f 738/831/738 739/845/739 727/818/727
f 727/818/727 739/845/739 740/832/740
f 740/832/740 741/847/741 729/819/729
f 729/819/729 741/847/741 742/834/742
f 742/834/742 743/849/743 731/835/731
f 731/835/731 743/849/743 744/836/744
f 744/836/744 745/852/745 733/837/733
f 733/837/733 745/852/745 746/838/746
f 746/838/746 735/855/735 723/839/723
f 747/840/747 748/842/748 736/841/736
f 748/842/748 749/858/749 737/829/737
f 737/829/737 749/858/749 750/843/750
f 738/831/738 750/843/750 751/844/751
f 739/845/739 751/844/751 752/846/752
f 752/846/752 753/862/753 741/847/741
f 741/847/741 753/862/753 754/848/754
f 754/848/754 755/850/755 743/849/743
f 755/850/755 756/851/756 744/836/744
f 756/851/756 757/866/757 745/852/745
f 745/852/745 757/866/757 758/853/758
f 746/838/746 758/853/758 747/854/747
f 759/856/759 760/870/760 748/842/748
f 748/842/748 760/870/760 761/857/761
f 749/858/749 761/857/761 762/859/762
f 762/859/762 763/860/763 751/844/751
f 763/860/763 764/861/764 752/846/752
f 764/861/764 765/874/765 753/862/753
f 753/862/753 765/874/765 766/863/766
f 754/848/754 766/863/766 767/864/767
f 755/850/755 767/864/767 768/865/768
f 768/865/768 769/867/769 757/866/757
f 769/867/769 770/878/770 758/853/758
f 758/853/758 770/878/770 759/868/759
f 771/869/771 772/871/772 760/870/760
f 772/871/772 773/881/773 761/857/761
f 761/857/761 773/881/773 774/872/774
f 774/872/774 775/884/775 763/860/763
f 763/860/763 775/884/775 776/873/776
f 776/873/776 777/887/777 765/874/765
f 765/874/765 777/887/777 778/875/778
f 778/875/778 779/889/779 767/864/767
f 767/864/767 779/889/779 780/876/780
f 780/876/780 781/892/781 769/867/769
f 769/867/769 781/892/781 782/877/782
f 770/878/770 782/877/782 771/879/771
f 771/869/771 783/1025/783 784/880/784
f 784/880/784 785/1026/785 773/881/773
f 773/881/773 785/1026/785 786/882/786
f 774/872/774 786/882/786 787/883/787
f 775/884/775 787/883/787 788/885/788
f 776/873/776 788/885/788 789/886/789
f 777/887/777 789/886/789 790/888/790
f 790/888/790 791/890/791 779/889/779
f 791/890/791 792/891/792 780/876/780
f 792/891/792 793/893/793 781/892/781
f 793/893/793 794/894/794 782/877/782
f 794/894/794 783/1027/783 771/879/771
f 783/895/783 795/918/795 796/896/796
f 784/897/784 796/896/796 797/898/797
f 797/898/797 798/901/798 786/900/786
f 798/901/798 799/921/799 787/902/787
f 787/902/787 799/921/799 800/903/800
f 788/904/788 800/903/800 801/905/801
f 801/905/801 802/908/802 790/907/790
f 802/908/802 803/910/803 791/909/791
f 803/910/803 804/926/804 792/911/792
f 792/911/792 804/926/804 805/912/805
f 793/913/793 805/912/805 806/914/806
f 806/914/806 795/928/795 783/916/783
f 807/917/807 808/930/808 796/896/796
f 796/896/796 808/930/808 809/919/809
f 797/898/797 809/919/809 810/920/810
f 810/920/810 811/922/811 799/921/799
f 811/922/811 812/934/812 800/903/800
f 800/903/800 812/934/812 813/923/813
f 813/923/813 814/924/814 802/908/802
f 814/924/814 815/937/815 803/910/803
f 803/910/803 815/937/815 816/925/816
f 816/925/816 817/940/817 805/912/805
f 805/912/805 817/940/817 818/927/818
f 818/927/818 807/942/807 795/928/795
f 819/929/819 820/944/820 808/930/808
f 808/930/808 820/944/820 821/931/821
f 809/919/809 821/931/821 822/932/822
f 810/920/810 822/932/822 823/933/823
f 823/933/823 824/947/824 812/934/812
f 812/934/812 824/947/824 825/935/825
f 813/923/813 825/935/825 826/936/826
f 826/936/826 827/938/827 815/937/815
f 827/938/827 828/939/828 816/925/816
f 828/939/828 829/952/829 817/940/817
f 817/940/817 829/952/829 830/941/830
f 830/941/830 819/955/819 807/942/807
f 831/943/831 832/957/832 820/944/820
f 820/944/820 832/957/832 833/945/833
f 833/945/833 834/959/834 822/932/822
f 822/932/822 834/959/834 835/946/835
f 835/946/835 836/948/836 824/947/824
f 836/948/836 837/963/837 825/935/825
f 825/935/825 837/963/837 838/949/838
f 826/936/826 838/949/838 839/950/839
f 839/950/839 840/966/840 828/939/828
f 828/939/828 840/966/840 841/951/841
f 829/952/829 841/951/841 842/953/842
f 830/941/830 842/953/842 831/954/831
f 843/956/843 844/970/844 832/957/832
f 832/957/832 844/970/844 845/958/845
f 845/958/845 846/972/846 834/959/834
f 834/959/834 846/972/846 847/960/847
f 835/946/835 847/960/847 848/961/848
f 836/948/836 848/961/848 849/962/849
f 837/963/837 849/962/849 850/964/850
f 850/964/850 851/977/851 839/950/839
f 839/950/839 851/977/851 852/965/852
f 852/965/852 853/967/853 841/951/841
f 853/967/853 854/968/854 842/953/842
f 854/968/854 843/981/843 831/954/831
f 855/969/855 856/983/856 844/970/844
f 844/970/844 856/983/856 857/971/857
f 857/971/857 858/973/858 846/972/846
f 858/973/858 859/974/859 847/960/847
f 859/974/859 860/987/860 848/961/848
f 848/961/848 860/987/860 861/975/861
f 861/975/861 862/976/862 850/964/850
f 862/976/862 863/990/863 851/977/851
f 851/977/851 863/990/863 864/978/864
f 852/965/852 864/978/864 865/979/865
f 865/979/865 866/993/866 854/968/854
f 854/968/854 866/993/866 855/980/855
f 867/982/867 868/996/868 856/983/856
f 856/983/856 868/996/868 869/984/869
f 857/971/857 869/984/869 870/985/870
f 858/973/858 870/985/870 871/986/871
f 871/986/871 872/999/872 860/987/860
f 860/987/860 872/999/872 873/988/873
f 873/988/873 874/1001/874 862/976/862
f 862/976/862 874/1001/874 875/989/875
f 875/989/875 876/991/876 864/978/864
f 876/991/876 877/992/877 865/979/865
f 877/992/877 878/1005/878 866/993/866
f 866/993/866 878/1005/878 867/994/867
f 867/982/867 879/1006/879 880/995/880
f 880/995/880 881/1008/881 869/984/869
f 869/984/869 881/1008/881 882/997/882
f 870/985/870 882/997/882 883/998/883
f 883/998/883 884/1012/884 872/999/872
f 872/999/872 884/1012/884 885/1000/885
f 885/1000/885 886/1014/886 874/1001/874
f 874/1001/874 886/1014/886 887/1002/887
f 887/1002/887 888/1003/888 876/991/876
f 888/1003/888 889/1017/889 877/992/877
f 877/992/877 889/1017/889 890/1004/890
f 890/1004/890 879/1019/879 867/994/867
f 879/1006/879 891/1020/891 892/1007/892
f 892/1007/892 893/1009/893 881/1008/881
f 893/1009/893 894/1010/894 882/997/882
f 894/1010/894 895/1021/895 883/998/883
f 883/998/883 895/1021/895 896/1011/896
f 896/1011/896 897/1022/897 885/1000/885
f 885/1000/885 897/1022/897 898/1013/898
f 898/1013/898 899/1023/899 887/1002/887
f 887/1002/887 899/1023/899 900/1015/900
f 888/1003/888 900/1015/900 901/1016/901
f 889/1017/889 901/1016/901 902/1018/902
f 902/1018/902 891/1024/891 879/1019/879
f 483/560/483 484/562/484 892/1007/892
f 892/1007/892 484/562/484 485/564/485
f 893/1009/893 485/564/485 486/566/486
f 486/566/486 487/567/487 895/1021/895
f 895/1021/895 487/567/487 488/569/488
f 488/569/488 489/571/489 897/1022/897
f 897/1022/897 489/571/489 490/572/490
f 490/572/490 491/574/491 899/1023/899
f 491/574/491 492/576/492 900/1015/900
f 900/1015/900 492/576/492 493/577/493
f 493/577/493 494/579/494 902/1018/902
f 494/579/494 483/581/483 891/1024/891
